ID,名前,名前フリガナ,性別,生年月日,電話番号,携帯番号,メール,郵便番号
ID0,石塚 理江,イシヅカ リエ,女,1984/1/18,047-293-8910,090-0477-9698,eir1984@fdt.ne.jp,270-2212
ID1,加藤 正輝,カトウ マサキ,男,1970/2/17,042-334-7619,090-2888-9748,,206-0801
ID2,小泉 茂一,コイズミ シゲイチ,男,1975/6/15,0721-47-0932,090-1358-7004,kizm-sgit@gmail.com,586-0022
ID3,齋藤 絵梨,サイトウ エリ,女,1989/3/20,096-301-1437,090-2155-5247,eri89@plala.or.jp,860-0017
ID4,片桐 琢司,カタギリ タクジ,男,1981/5/1,0267-67-9817,070-4213-5958,tkz21357@hotmail.com,384-0701
ID5,角田 文典,カクタ フミノリ,男,1988/10/14,026-229-8940,090-8206-3167,atukak1014@nifty.com,381-0033
ID6,川村 弘義,カワムラ ヒロヨシ,男,1987/1/17,075-061-1333,,hrys87@goo.ne.jp,605-0805
ID7,松田 麻琴,マツダ マコト,女,1975/5/3,011-072-1289,090-2693-5374,otokam2006@bbtec.net,007-0880
ID8,井口 宜昭,イグチ ヨシアキ,男,1994/4/20,042-407-5829,090-6696-4826,tgiigt@rakuten.co.jp,207-0003
ID9,松尾 要子,マツオ ヨウコ,女,1973/6/5,042-232-6100,090-2555-7950,youko185@iij.ad.jp,185-0024
ID10,大内 奈緒美,オオウチ ナオミ,女,1976/10/22,052-568-5179,070-4613-7060,imoan4520918@example.or.jp,452-0918
ID11,村上 悠里,ムラカミ ユリ,女,1994/11/9,049-146-0240,090-3724-0922,mkrm1994@anet.ne.jp,350-0208
ID12,白井 次男,シライ ツグオ,男,1990/11/23,025-332-5302,090-5207-3291,sritgo@aitai.ne.jp,949-7231
ID13,大槻 和久,オオツキ カズヒサ,男,1973/11/11,03-3508-5713,070-3749-9415,,143-0026
ID14,武井 雅生,タケイ マサオ,男,1992/9/14,0943-84-3106,090-0621-2559,masao@dti.ad.jp,834-0082
ID15,竹田 奈緒子,タケダ ナオコ,女,1993/4/27,048-543-2744,070-4358-1505,okoan342@example.net,342-0046
ID16,西川 征吾,ニシカワ セイゴ,男,1972/9/19,0187-68-8759,090-4066-1725,sig72@hotmail.co.jp,014-0013
ID17,丹羽 繁造,ニワ シゲゾウ,男,1993/5/28,0959-30-3009,090-6987-8858,niwa2857@sunfield.ne.jp,857-4411
ID18,鶴田 督彦,ツルタ トクヒコ,男,1990/10/21,0250-59-7639,090-6757-7941,turuta.tokuhiko@hotmail.co.jp,959-1767
ID19,高井 準郎,タカイ ジュンロウ,男,1977/6/14,052-766-1536,090-0733-1574,junrou@example.com,457-0039
ID20,土井 隆次,ツチイ タカジ,男,1986/7/20,0185-42-1925,090-0831-5819,,018-2646
ID21,小泉 直幸,コイズミ ナオユキ,男,1987/11/24,086-292-5919,090-6349-9033,noyk-kizm@combzmail.jp,701-2514
ID22,角田 有子,スミタ ユウコ,女,1976/2/27,0537-89-4663,090-0957-5957,smt.yukasp@asp.home.ne.jp,437-1424
ID23,片岡 悠里,カタオカ ユリ,女,1973/7/24,042-185-5442,090-4445-0018,yuri_kataoka@infoweb.ne.jp,183-0051
ID24,三谷 晴仁,サンヤ ハルヒト,男,1979/8/23,011-025-3750,090-6708-1237,otihurah533@dion.ne.jp,006-0003
ID25,大沢 宏弥,オオサワ ヒロヤ,男,1972/1/15,047-574-2414,090-3314-1820,oosawa-hiroya@freeml.co.jp,274-0055
ID26,豊田 厚成,トヨタ アツナリ,男,1980/8/4,077-165-6667,,,520-0104
ID27,永田 和帰子,ナガタ ワキコ,女,1993/3/5,0254-57-2327,090-5820-8148,okikaw20061231@aitai.ne.jp,957-0092
ID28,小野寺 則之,オノデラ ノリユキ,男,1987/9/18,052-217-2632,090-8889-8968,noriyuki1987@example.or.jp,464-0854
ID29,佐野 征吾,サノ セイゴ,男,1970/5/26,01566-9-0030,090-8814-1366,onas1970@gmail.com,081-0037
ID30,宮城 礼,ミヤギ レイ,女,1994/3/17,0258-42-1973,090-1328-6774,mygri19831001@mail.goo.ne.jp,940-1111
ID31,根本 奈緒実,ネモト ナオミ,女,1983/10/9,0763-30-8647,090-7438-5265,nemoto83@users.gr.jp,939-1548
ID32,北村 拓夫,キタムラ タクオ,男,1972/3/23,0767-88-2939,,oukatoukat@so-net.ne.jp,929-1801
ID33,平井 一樹,ヒライ ヒトキ,男,1977/12/6,03-3654-4646,070-0503-3649,iarih4646@example.or.jp,136-0074
ID34,古谷 淳子,フルタニ ジュンコ,女,1971/12/11,06-6739-1710,090-1463-5448,jnk.hrtn@example.ne.jp,578-0923
ID35,桑原 清重,クハバラ キヨシゲ,男,1990/3/11,0137-97-9938,090-9739-0509,khbr0494335@sannet.ne.jp,049-4335
ID36,花田 恵,ハナダ メグミ,女,1986/3/30,0889-01-5448,070-5983-4976,mgm1986excite@excite.co.jp,781-2108
ID37,細川 宏弥,ホソカワ ヒロヤ,男,1988/5/8,075-513-2759,090-7193-5591,hiroya-hosokawa@coara.or.jp,612-8202
ID38,青山 亜衣,アオヤマ アイ,女,1985/8/26,0246-54-2572,090-2653-1969,ai1985@excite.com,9748204
ID39,飯田 久近,イイダ ヒサチカ,男,1992/4/14,0248-36-1209,070-5361-8754,hisatika-iida@tokyo24.com,962-0805
ID40,古川 直美,コガワ ナオミ,女,1994/1/7,0944-43-0549,080-3896-1387,,836-0007
ID41,中谷 知子,ナカタニ トモコ,女,1980/12/20,0749-44-8918,090-3854-7445,inatakan1980@example.org,522-0066
ID42,佐野 鋭充,サノ トシミツ,男,1983/7/19,087-239-6943,,sano.tosimitu@web.ad.jp,760-0053
ID43,原 雅義,ハラ マサヨシ,男,1982/4/27,0877-36-3991,090-5986-3831,hr2007@infoweb.ne.jp,763-0030
ID44,吉井 唯,ヨシイ ユイ,女,1990/7/18,0184-84-6467,090-7459-6722,yui0150882@example.net,015-0882
ID45,堀口 雅,ホリグチ ミヤビ,女,1983/4/2,096-839-0711,090-1104-4883,horiguti@rakuten.co.jp,861-3245
ID46,井口 幸博,イグチ ユキヒロ,男,1978/8/15,05362-4-2523,070-8347-7933,yukihiro-iguti@gmail.com,441-1534
ID47,沢田 祐美,サワダ ユウミ,女,1971/1/22,01632-0-4635,090-7913-1721,swd.yum@gmo-media.jp,098-3311
ID48,山崎 義将,ヤマサキ ヨシマサ,男,1985/2/28,017-746-0336,090-7544-3598,,030-0934
ID49,山崎 美世,ヤマサキ ミヨ,女,1984/6/9,075-101-2152,090-7966-9575,miyo0609@web.ad.jp,600-8345
ID50,小泉 晴仁,コイズミ ハルヒト,男,1976/2/19,078-389-0416,070-6840-2678,thrh@infoweb.ne.jp,653-0878
ID51,山下 厚哉,ヤマシタ アツヤ,男,1991/6/20,0894-65-4370,090-2833-6764,aty_ymst@rakuten.co.jp,796-0813
ID52,武田 茂也,タケダ シゲヤ,男,1973/3/17,03-3385-0832,090-8297-8079,,1670035
ID53,米田 幸美,ヨネタ サチミ,女,1972/11/25,048-997-6575,090-3149-6684,mts3600815@cuib.or.jp,360-0815
ID54,新井 志津恵,アライ シズエ,女,1973/7/14,0223-94-2438,,sze2438@coara.or.jp,989-2477
ID55,大城 勝行,オオキ カツユキ,男,1973/9/5,097-071-6830,090-0539-5481,ikuyutak1973@gmo-media.jp,870-0032
ID56,角田 知明,カクタ トモアキ,男,1983/9/4,0182-03-7288,070-6717-3245,tomoaki-kakuta@dti.ne.jp,013-0518
ID57,横井 安則,ヨコイ ヤスノリ,男,1985/12/15,03-3344-3910,070-3345-8192,ironusay@excite.co.jp,174-0072
ID58,石黒 貴朗,イシクロ タカオ,男,1992/6/23,0426-45-1432,090-5883-8302,orukisi192@excite.co.jp,192-0082
ID59,出口 厚史,デグチ アツシ,男,1970/7/4,0584-96-4764,070-9305-2931,atusi2007@example.ne.jp,503-0826
ID60,手塚 三男,テヅカ ミツオ,男,1971/3/3,0235-22-9549,090-2060-4460,,999-7675
ID61,本間 保行,ホンマ ヤスユキ,男,1982/8/8,0126-53-7368,090-8844-4311,hnm_ysyk@combzmail.jp,072-0001
ID62,森 令,モリ レイ,女,1989/12/14,0185-78-0008,090-9411-7535,ir0008@excite.com,010-0531
ID63,村井 教夫,ムライ ノリオ,男,1991/11/12,042-162-8103,090-3247-3418,iarum8103@eaccess.net,203-0003
ID64,植田 佳久,ウエタ ヨシヒサ,男,1970/11/25,0920-65-5868,070-3697-6578,ueta_yosihisa@example.gr.jp,811-5111
ID65,寺田 直武,テラダ ナオタケ,男,1989/5/13,04-4311-7866,090-8367-5668,,298-0114
ID66,原田 喜久郎,ハラタ キクオ,男,1977/4/2,0426-85-1127,090-3038-2310,kikuo1977@goo.ne.jp,193-0804
ID67,竹田 光範,タケダ ミツノリ,男,1994/3/17,0575-84-0340,070-7710-8147,takeda2004@tiki.ne.jp,501-3731
ID68,吉村 秀一,ヨシムラ ヒデカズ,男,1980/12/10,0463-61-4692,090-3679-0244,hidekazu80@hotmail.co.jp,257-0011
ID69,榊原 宏機,サカキハラ ヒロキ,男,1975/8/11,0172-48-5718,090-2794-3551,rhkks1975@infoseek.co.jp,036-8044
ID70,谷川 勝人,タニカワ カツト,男,1992/10/23,01656-8-7074,090-7236-8974,ktt.tnkw@example.org,098-2362
ID71,本間 真琴,ホンマ マコト,女,1975/2/16,09913-0-1454,,amnoh8900902@dion.ne.jp,890-0902
ID72,三木 幸郎,ミキ ユキロウ,男,1984/4/11,076-281-8612,,urky93920070520@excite.com,9392473
ID73,北原 雅則,キタハラ マサノリ,男,1984/9/28,0978-01-6506,070-8173-2919,rnsm84@freeml.co.jp,872-0322
ID74,福本 正宏,フクモト マサヒロ,男,1978/2/7,052-266-6437,090-2070-3793,otomukuh0207@example.net,468-0007
ID75,金城 周,カナキ シュウキチ,男,1993/4/29,042-548-6436,090-2238-9795,syuukiti186@mxi.asp.home.ne.jp,186-0003
ID76,森下 要之助,モリシタ ヨウノスケ,男,1983/4/14,04-4601-5432,090-5333-8833,atisirom@example.jp,270-0161
ID77,早川 弘人,ハヤカワ ヒロト,男,1990/7/25,078-776-4693,090-7291-6744,hayakawa655@example.or.jp,655-0013
ID78,米田 愛佳,マイタ アイカ,女,1991/11/25,0973-48-6626,070-5068-0693,aika.maita@t-com.ne.jp,879-4803
ID79,宮原 忠之,ミヤバラ タダユキ,男,1984/11/16,03-3937-0040,090-6500-2941,miyabaratadayuki@example.net,166-0004
ID80,栗原 靖雄,クリハラ ヤスオ,男,1976/3/2,09786-5-7417,090-0668-4266,krhr.yso@asp.home.ne.jp,873-0412
ID81,佐野 省次郎,サノ ショウジロウ,男,1979/4/28,0772-08-1221,090-7964-5678,,626-0032
ID82,熊谷 照也,クマガイ テルヤ,男,1973/11/2,04-4640-4634,090-6813-8601,teruya1973@gmail.com,298-0114
ID83,新井 道和,アライ ミチカズ,男,1989/6/25,0198-47-5703,090-8000-2393,ari-mtkz@excite.co.jp,028-3151
ID84,野沢 隆吉,ノザワ リュウキチ,男,1985/4/14,03-3712-6254,070-7755-0556,ryuukiti85@users.gr.jp,145-0072
ID85,原 澄,ハラ スミ,女,1978/2/15,0234-97-8857,090-0424-4254,hara-sumi@goo.ne.jp,999-8438
ID86,茂木 伸樹,モテキ シンキ,男,1992/11/4,03-3429-7710,090-0636-9842,kns92kns92@gmo-media.jp,176-0021
ID87,荻野 聡美,オギノ サトミ,女,1984/1/1,0426-93-0914,070-7969-5808,ogino-satomi@infoseek.jp,192-0014
ID88,角田 勝司,ツノダ カツシ,男,1980/9/7,0776-07-1720,090-0764-6905,adonut1720@example.gr.jp,910-0234
ID89,松下 良弥,マツシタ リョウヤ,男,1982/8/26,0426-87-8639,090-4352-4041,mtst193@dti.ad.jp,193-0802
ID90,菊池 光次,キクチ ミツジ,男,1984/1/6,078-543-3670,090-1045-5061,kikuti_mituzi@tokyo24.com,655-0011
ID91,本多 勇,ホンダ ユウ,女,1985/4/24,075-694-1267,090-0399-7830,yu_hnd@dion.ne.jp,610-1101
ID92,久保 美哉,クボ ヨシヤ,男,1983/11/30,0587-77-1521,,obuk492@yahoo.co.jp,492-8075
ID93,中西 酉蔵,ナカニシ トリゾウ,男,1974/9/24,022-736-8975,070-3130-5191,isinakan74@plala.or.jp,980-0002
ID94,浜崎 勝行,ハマサキ カツユキ,男,1991/2/5,03-3697-1342,090-1996-1489,ktyk2134@livedoor.com,177-0034
ID95,水谷 真希,ミズタニ マキ,女,1990/7/3,0565-88-2586,070-2773-1316,maki-mizutani@plala.or.jp,444-2533
ID96,東 良秋,アズマ ヨシアキ,男,1992/10/30,03-3597-1721,090-5995-6014,,133-0053
ID97,神谷 満生,シンタニ ミツオ,男,1978/8/4,0947-77-7101,090-9040-2737,sntn@hotmail.com,822-1403
ID98,関口 博男,セキグチ ヒロオ,男,1989/10/21,0958-81-2181,090-3572-5160,,852-8052
ID99,浜田 典生,ハマダ ノリオ,男,1984/10/28,0182-67-6146,090-7858-3577,adamahcomeon@comeon.to,013-0313
ID100,中尾 洵子,ナカオ ジュンコ,女,1992/12/21,011-139-9846,090-4069-8301,knj@infoseek.jp,003-0826
ID101,篠田 教夫,シノダ ノリオ,男,1991/5/24,0428-30-0677,070-9800-5288,sinodanorio@infoseek.jp,198-0172
ID102,八木 従典,ヤギ ヨリフミ,男,1974/9/17,058-924-7844,070-9543-3824,imuhiroy5010212@example.ad.jp,501-0212
ID103,中島 勇,ナカシマ ユウ,女,1978/1/11,058-708-1563,090-7849-4711,nksm500@dsn.ad.jp,500-8263
ID104,新田 数也,ニイタ カズヤ,男,1971/6/26,0436-71-7857,090-1412-9634,niita-kazuya@mesh.ne.jp,290-0016
ID105,日高 公紀,ヒダカ キミノリ,男,1971/11/8,076-013-8711,090-0562-2789,ironimik8711@gmo-media.jp,936-0077
ID106,平田 僧三郎,ヒラタ ソウザブロウ,男,1972/12/10,011-299-7251,090-4459-0525,uorubazuos0611115@coara.or.jp,061-1115
ID107,榎本 好近,エノモト ヨシチカ,男,1971/7/23,0428-73-2886,090-9283-5949,enomoto-yositika@infoweb.ne.jp,1980088
ID108,鎌田 保光,カマタ ヤスミツ,男,1988/10/8,0250-77-6560,090-9354-2612,kamata-yasumitu@gmo-media.jp,959-1644
ID109,吉村 十三男,ヨシムラ トミオ,男,1972/1/18,0856-23-0829,070-0816-9760,tomio0118@web.ad.jp,699-5611
ID110,中谷 十四夫,ナカタニ トシオ,男,1992/10/23,04996-9-2044,090-2165-4287,tso-nktn@infoseek.co.jp,100-1701
ID111,青木 裕子,アオキ ユウコ,女,1983/3/27,0166-92-1097,090-2283-0067,yuuko1983@plala.or.jp,071-1512
ID112,岸本 武久,キシモト タケヒサ,男,1986/2/6,022-386-6480,090-0853-8825,takehisa-kisimoto@sannet.ne.jp,980-0002
ID113,柳沢 美海,ヤナギサワ ヨシミ,女,1990/4/14,025-832-1895,090-7507-2687,ysm.yngsw@dti.ne.jp,950-0952
ID114,大野 源三郎,オオノ ゲンザブロウ,男,1976/3/13,050-2954-5209,090-8353-1371,onoo036onoo036@hi-ho.ne.jp,036-0203
ID115,湯浅 禎二,ユアサ テイジ,男,1984/6/14,072-627-7559,090-0509-4867,asauy7559@sunfield.ne.jp,563-0059
ID116,神谷 道正,カミタニ ミチマサ,男,1981/2/21,0284-31-2209,090-0280-9092,mtms.kmtn@anet.ne.jp,329-4214
ID117,日野 あさ美,ヒノ アサミ,女,1986/7/6,0792-20-5184,070-0936-4011,hn-asmmsa-nh@so-net.ne.jp,672-8077
ID118,野崎 勇太郎,ノザキ ユウタロウ,男,1980/10/26,0256-33-7862,090-0642-0485,nozaki@dsn.ad.jp,959-0314
ID119,稲垣 忠之,イナガキ タダユキ,男,1992/7/12,0187-47-1912,090-8864-1388,inagaki-tadayuki@combzmail.jp,019-1915
ID120,松井 幸人,マツイ ユキト,男,1971/9/5,0226-71-1552,090-3450-3978,yukito988@example.org,988-0023
ID121,菊池 一世,キクチ カズヨ,女,1978/9/12,0243-91-7036,090-2013-6171,itukik0912@nifty.com,964-0051
ID122,須藤 昌昭,ストウ マサアキ,男,1975/9/24,0162-00-6156,090-4454-8774,masaaki-sutou@hi-ho.ne.jp,098-4136
ID123,浅田 勇四郎,アサダ ユウシロウ,男,1983/4/27,0776-10-8474,090-1237-4351,adasa8474@geocities.com,910-0336
ID124,児玉 康三,コダマ ヤスゾウ,男,1985/11/13,03-3405-9928,,yszukdm20180905@infoseek.jp,162-0821
ID125,金田 康次,カナダ コウジ,男,1984/12/23,0749-30-3057,090-4873-8723,,526-0827
ID126,斎藤 偉生,サイトウ ヒデオ,男,1974/1/21,0853-22-6842,,hideosaitou@mxi.asp.home.ne.jp,693-0082
ID127,萩原 泰美,ハギワラ ヤスミ,女,1974/3/15,0297-92-4831,090-6527-6529,hagiwara.yasumi@sannet.ne.jp,306-0604
ID128,中川 尊則,ナカガワ タカノリ,男,1992/7/6,042-379-9953,090-6605-9714,nakagawa.takanori@web.ad.jp,195-0064
ID129,菅 久志,スガ ヒサシ,男,1981/1/19,06-6454-0395,090-1463-4142,agus81@hotmail.com,546-0042
ID130,宮田 秀一,ミヤタ ヒデカズ,男,1973/11/29,0225-68-9601,,hidekazu1129@dion.ne.jp,986-0015
ID131,三上 英幸,ミカミ ヒデユキ,男,1989/4/21,0852-97-5315,090-3551-2770,hdyk-mkm@gmo-media.jp,690-0855
ID132,手塚 貫之,テヅカ カンジ,男,1994/10/19,0575-23-4729,090-9968-7468,kanziiznak@example.com,501-3861
ID133,東 理佐,ヒガシ リサ,女,1977/2/7,050-6216-0920,070-7134-5931,higasi07@example.jp,276-0005
ID134,松浦 義隆,マツウラ ヨシタカ,男,1994/12/24,042-329-9062,070-6795-9359,aruutam94@fdt.ne.jp,206-0032
ID135,岸本 隆次,キシモト リュウジ,男,1989/11/21,0797-23-3631,,otomisik1121@eaccess.net,659-0061
ID136,萩原 幸博,ハギワラ ユキヒロ,男,1994/1/21,0426-37-1419,090-6038-5219,arawigah0121@rakuten.co.jp,193-0831
ID137,久保 義武,クボ ヨシタケ,男,1973/4/27,0244-63-4847,090-2896-1913,kubo_yositake@t-com.ne.jp,975-0058
ID138,永田 孝次,ナガタ コウジ,男,1987/9/28,0153-09-3166,070-2415-2719,izuok0928@example.ne.jp,088-1101
ID139,市川 みき,イチカワ ミキ,女,1994/12/16,042-607-7828,090-8549-3204,mkitkw@tiki.ne.jp,190-0204
ID140,原田 夕子,ハラタ ユウコ,女,1990/3/8,0157-88-4302,090-9305-2215,harata_yuuko@geocities.com,090-0055
ID141,沼田 宏侑,ヌマタ ヒロユキ,男,1993/5/1,0154-72-0751,070-0990-8191,nmt93@dion.ne.jp,088-0131
ID142,松下 伸二,マツシタ シンジ,男,1984/8/25,0942-61-9216,090-0772-1949,sinzi1984@combzmail.jp,830-0206
ID143,吉村 道義,ヨシムラ ミチヨシ,男,1985/10/11,0238-52-0148,090-9029-2870,arumisoy85@infoweb.ne.jp,992-0002
ID144,二宮 為一郎,ニノミヤ タメイチロウ,男,1984/5/1,075-049-8582,090-1327-6338,ninomiya-tameitirou@ybb.ne.jp,617-0815
ID145,成田 久江,ナリタ ヒサエ,女,1980/10/12,03-3043-8570,090-2281-2246,hisae80@odn.ne.jp,173-0023
ID146,柴田 恵,シバタ メグミ,女,1976/7/27,026-128-4582,090-0699-3117,sbt1976@excite.co.jp,388-8011
ID147,山村 奈緒実,ヤマムラ ナオミ,女,1976/1/10,0288-23-2052,090-5202-6232,naomi-yamamura@excite.co.jp,321-2712
ID148,青木 千勢子,アオキ チセコ,女,1971/11/8,0237-84-7066,,tsk1971@asp.home.ne.jp,9910062
ID149,松本 彰揮,マツモト ショウキ,男,1980/6/1,03-3285-2428,090-2963-8827,mtmt_syuk@infoseek.jp,158-0094
ID150,相沢 益三,アイザワ マスゾウ,男,1979/6/1,03-3213-4939,090-4690-8973,aizawa161@rakuten.co.jp,161-0034
ID151,緒方 裕康,オガタ ヒロヤス,男,1979/5/8,09304-1-8901,090-2901-4378,atago@eaccess.net,824-0224
ID152,星野 都義,ホシノ クニヨシ,男,1978/3/13,042-309-0491,090-2927-9342,kuniyosi78@example.jp,189-0001
ID153,新田 有,アラタ タモツ,男,1972/1/31,03-3257-6209,090-9626-4402,art-tmt@example.or.jp,134-0092
ID154,高松 尭道,タカマツ タカミチ,男,1973/2/25,07476-3-3421,070-6707-6427,,638-0305
ID155,福岡 迪子,フクオカ ミチコ,女,1978/9/26,0532-86-6677,,hkok.mtk@infoweb.ne.jp,440-0863
ID156,大木 公生,オオキ キミオ,男,1972/11/10,0134-58-5082,090-5692-9744,ko7227ok@tiki.ne.jp,047-0156
ID157,北原 僧三郎,キタハラ ソウザブロウ,男,1973/4/18,0598-44-2762,090-3117-2135,souzaburou515@comeon.to,515-0062
ID158,北野 純太,キタノ ジュンタ,男,1984/2/24,0767-37-9761,090-4692-0760,jnt0224@hi-ho.ne.jp,929-2223
ID159,小笠原 恵治,オガサハラ ケイジ,男,1971/8/10,0558-03-6098,090-3335-4496,ogasahara1971@rakuten.co.jp,410-3603
ID160,岡 靖雄,オカ ヤスオ,男,1976/6/25,0426-36-0534,,yso@example.ac.jp,193-0931
ID161,渋谷 ひびき,シブタニ ヒビキ,男,1974/10/10,082-751-6489,,sibutani739@anet.ne.jp,739-0031
ID162,上村 秀司,ウエムラ シュウジ,男,1975/12/15,028-306-7510,070-7088-8039,uemura@tiki.ne.jp,321-0971
ID163,藤田 冬樹,フジタ フユキ,男,1976/9/11,0229-31-6665,090-2847-6171,atizuh@infoseek.co.jp,981-4329
ID164,星野 雅美,ホシノ マサミ,女,1986/10/12,0997-93-4438,,masami86@so-net.ne.jp,894-0042
ID165,橋本 絢子,ハシモト アヤコ,女,1975/8/24,072-326-7583,,hasimoto.ayako@excite.com,590-0079
ID166,黒田 雅美,クロタ マサミ,女,1992/2/27,059-290-1004,090-5194-5072,krt-msmmsm-trk@infoseek.jp,514-2202
ID167,西 晶紀,ニシ アキ,女,1990/3/4,03-3383-4238,090-3649-6426,aki4238@example.gr.jp,141-0032
ID168,渡辺 理江,ワタナベ リエ,女,1973/5/29,073-264-6837,090-6742-2387,watanabe_rie@sunfield.ne.jp,640-8115
ID169,星野 良司,ホシノ リョウジ,男,1994/3/3,0126-95-6543,070-6821-5239,izuoyr2006@scuba-diver.jp,068-0051
ID170,三浦 喜久郎,ミウラ キクオ,男,1981/7/12,0187-44-0409,090-9307-4330,rum0712@sannet.ne.jp,014-0353
ID171,角田 久作,スミタ キュウサク,男,1976/6/8,072-332-2974,090-9766-4347,sumita_kyuusaku@hotmail.com,5670894
ID172,中本 征輝,ナカモト マサテル,男,1973/12/25,0154-92-0639,070-5217-5203,mstr1225@comeon.to,085-1133
ID173,橋本 清一,ハシモト キヨカズ,男,1986/10/20,0854-27-9139,070-6207-9346,otomisah9139@tokyo24.com,692-0028
ID174,川野 好博,コウノ ヨシヒロ,男,1975/7/8,042-232-7256,070-2043-4093,,206-0014
ID175,菅 良信,カン ヨシノブ,男,1979/11/3,0565-01-5786,090-4014-7152,kn79@sannet.ne.jp,444-2844
ID176,斉藤 護,サイトウ マモル,男,1983/10/6,0565-10-2527,090-3753-9087,rmm746@sannet.ne.jp,470-0451
ID177,神谷 恵志,シンタニ ケイシ,男,1970/1/9,03-3435-2872,090-4863-1985,kis@livedoor.com,145-0075
ID178,吉沢 岩美,ヨシザワ イワミ,女,1987/11/11,0796-38-1115,090-2685-2170,,668-0265
ID179,永田 英充,ナガタ ヒデミツ,男,1975/6/27,0790-27-8971,090-9002-9140,ngt@sannet.ne.jp,679-5318
ID180,古田 寿美,コダ ヒサミ,女,1994/2/13,025-933-8868,090-5282-7776,msh1994@infoseek.jp,942-0088
ID181,松田 義武,マツダ ヨシタケ,男,1990/12/3,0296-12-9851,070-6789-6790,yositake@rakuten.co.jp,309-1225
ID182,小松 凱次,コマツ カツジ,男,1979/9/8,0297-47-2844,090-6878-0218,tmk0908@gmail.com,300-2744
ID183,三谷 茜,サンヤ アカネ,女,1983/9/14,0428-98-7090,090-7353-6608,akane-sanya@livedoor.com,1980223
ID184,米田 澄,マイタ スミ,女,1991/12/14,0772-59-3109,,atiam1991@t-com.ne.jp,627-0248
ID185,早川 勤,ハヤカワ ツトム,男,1981/2/22,0776-78-6000,090-1609-7690,tutomu05@eaccess.net,919-0725
ID186,横田 理香,ヨコタ リカ,女,1980/9/3,04-4374-5035,090-9744-0683,rk1980@ybb.ne.jp,299-2864
ID187,村山 道貴,ムラヤマ ミチタカ,男,1970/9/24,042-128-5168,090-0605-6518,akatitim0924@fdt.ne.jp,183-0014
ID188,池田 洋和,イケダ ヒロカズ,男,1980/10/4,0587-22-3968,090-4624-6761,adeki@nifty.jp,483-8386
ID189,松下 金義,マツシタ カネヨシ,男,1980/3/30,03-3155-7533,090-9879-4977,matusita80@sannet.ne.jp,152-0031
ID190,堀内 越子,ホリウチ エツコ,女,1976/6/9,0172-04-8488,070-7841-0673,turh1976@goo.ne.jp,038-0101
ID191,神田 勝弘,コウダ カツヒロ,男,1976/7/31,0572-54-2628,070-1647-4115,kouda5095147@dsn.ad.jp,509-5147
ID192,小原 奈緒子,コハラ ナオコ,女,1982/1/2,0768-83-3820,,naoko.kohara@excite.com,927-2132
ID193,内田 真琴,ウチダ マコト,女,1973/10/1,01636-3-7720,090-1143-2417,utdmkt@hotmail.co.jp,098-5823
ID194,古谷 桂,コタニ ケイ,女,1991/11/1,029-589-8430,090-1766-2639,ki.ktn@plala.or.jp,311-1268
ID195,宇野 偉生,ウノ ヒデオ,男,1987/3/30,042-555-6070,090-0821-0034,unohideo@sunfield.ne.jp,195-0062
ID196,松岡 則重,マツオカ ノリシゲ,男,1975/1/28,0982-81-7027,090-0052-5965,matuoka-norisige@plala.or.jp,883-0108
ID197,吉村 初,ヨシムラ ハジメ,男,1973/8/7,0795-57-1586,090-8068-1335,hazime6770065@scuba-diver.jp,677-0065
ID198,竹内 征吾,タケウチ セイゴ,男,1988/1/8,042-341-9236,090-5893-1050,takeuti0108@combzmail.jp,183-0021
ID199,松野 貢太郎,マツノ コウタロウ,男,1972/10/15,042-320-2027,090-0602-6851,mtn2003@example.ne.jp,350-1211
ID200,古田 純太,フルタ ジュンタ,男,1976/5/20,0944-29-8110,090-0734-8940,jnthrt@t-com.ne.jp,831-0034
ID201,中山 一人,ナカヤマ カズト,男,1984/4/7,078-966-6926,090-5405-2320,amayakan0407@example.jp,652-0063
ID202,米田 鋭充,コメタ トシミツ,男,1979/8/24,086-800-8243,090-7613-2977,kometa7000027@mxi.asp.home.ne.jp,700-0027
ID203,小柳 準一郎,コヤナギ ジュンイチロウ,男,1978/4/16,078-341-7682,090-1771-8542,koyanagi@sakura.ne.jp,655-0011
ID204,谷口 好利,タニグチ ヨシトシ,男,1976/9/26,03-3643-0889,090-0845-5917,taniguti@gmo-media.jp,170-0005
ID205,酒井 幸信,サカイ ユキノブ,男,1989/4/27,0972-20-4424,090-1252-4045,yukinobu89@scuba-diver.jp,876-0112
ID206,長谷川 保光,ハセガワ ヤスミツ,男,1970/3/1,0288-55-0211,090-1818-5834,awagesah0211@dti.ad.jp,321-1354
ID207,浅田 敬志,アサダ ケイジ,男,1986/9/13,093-640-3596,090-2086-0496,asada.keizi@iij.ad.jp,803-0276
ID208,入江 絵美,イリエ エミ,女,1972/3/6,0893-99-8661,090-3238-2143,ime72@infoweb.ne.jp,791-3363
ID209,菅野 喜治,スガノ ヨシハル,男,1977/6/4,03-3319-7456,070-7867-3785,onagus1010041@ocn.ne.jp,101-0041
ID210,高山 富良,タカヤマ トミヨシ,男,1978/12/12,0250-76-6247,090-2238-5505,tkym_tmys@combzmail.jp,959-1825
ID211,笠原 道彦,カサハラ ミチヒコ,男,1979/6/27,0823-96-5137,090-3727-9420,mitihiko79@mxi.asp.home.ne.jp,737-0051
ID212,吉岡 松代,ヨシオカ マツヨ,女,1983/7/19,0898-16-3683,090-8267-6231,matuyo0719@example.ne.jp,794-2115
ID213,根岸 菊治,ネギシ キクハル,男,1976/3/9,0725-77-1198,,kikuharu_negisi@odn.ne.jp,595-0041
ID214,西 勇四郎,ニシ ユウシロウ,男,1972/6/4,0778-75-1152,,ns_yusru@odn.ne.jp,915-0252
ID215,吉本 孝成,ヨシモト タカシゲ,男,1971/1/31,044-270-2446,090-3235-3497,takasige.yosimoto@example.gr.jp,214-0034
ID216,久保 茂義,クボ シゲヨシ,男,1987/6/14,0234-28-0691,070-0621-6426,obuk1987@example.or.jp,999-6605
ID217,荒木 庸司,アラキ ヨウジ,男,1973/11/7,045-531-1043,070-8188-2446,araki-youzi@livedoor.com,232-0075
ID218,坂田 華代,サカタ ハナヨ,女,1994/5/9,075-316-3125,090-3962-4117,,615-0804
ID219,江口 美則,エグチ ヨシノリ,男,1989/3/1,0955-84-8970,,ysnr19990624@example.ne.jp,844-0008
ID220,大野 智治,オオノ トモハル,男,1981/1/1,03-3227-9598,090-4693-7919,oono.tomoharu@tokyo24.com,144-0042
ID221,谷口 章子,タニグチ ショウコ,女,1990/2/23,03-3322-9544,090-9991-0904,syuk-tngt@anet.ne.jp,160-0016
ID222,園田 晶紀,ソノダ アキ,女,1982/9/17,0223-79-7802,070-4531-5394,ika7802@infoseek.co.jp,989-2427
ID223,内田 登喜雄,ウチダ トキオ,男,1980/11/21,08247-3-1978,090-8726-8703,utida1980@ocn.ne.jp,727-0001
ID224,大竹 幸人,オオタケ ユキト,男,1970/11/16,0749-21-9074,090-6574-9196,otikuy1970@tiki.ne.jp,522-0319
ID225,福田 永子,フクタ ナガコ,女,1986/3/20,0172-39-5635,090-1049-7345,,036-0242
ID226,田上 孝敏,タウエ タカトシ,男,1982/12/16,0557-86-9634,090-7756-7266,takatosi9634@odn.ne.jp,414-0005
ID227,竹下 貫之,タケシタ カンジ,男,1972/1/10,0183-77-8293,090-8211-0845,iznak05@plala.or.jp,012-1105
ID228,山村 富良,ヤマムラ トミヨシ,男,1983/4/24,075-475-1440,070-6566-8026,,600-8129
ID229,秋山 亜里香,アキヤマ アリカ,女,1973/12/19,042-311-6545,090-7539-9764,akiyama1219@example.or.jp,203-0044
ID230,齋藤 優子,サイトウ ユウコ,女,1970/10/3,03-3542-4198,070-8070-6925,yuuko.saitou@sannet.ne.jp,105-0011
ID231,大場 芳尚,オオバ ヨシナオ,男,1973/5/16,0742-43-8013,090-5881-2360,yosinao@combzmail.jp,630-1242
ID232,土田 和帰子,ツチダ ワキコ,女,1984/1/28,0854-26-2042,090-9843-5643,wakiko0128@anet.ne.jp,699-1264
ID233,横山 三保子,ヨコヤマ ミホコ,女,1985/5/26,03-3140-6907,070-4366-2223,khm2005@so-net.ne.jp,1790081
ID234,根岸 龍也,ネギシ タツヤ,男,1979/11/8,0749-77-6854,090-9561-2751,,529-0316
ID235,及川 達生,オイカワ タツオ,男,1982/3/10,0564-12-2489,090-3070-8238,tatuo.oikawa@goo.ne.jp,444-0876
ID236,竹内 幸四郎,タケウチ コウシロウ,男,1979/12/7,03-3485-1893,070-5901-3284,takeuti.kousirou@ath.cx,151-0065
ID237,松田 明博,マツダ アキヒロ,男,1993/10/26,0773-48-2795,090-5777-0154,dtm1993dtm1993@infoweb.ne.jp,623-0113
ID238,富田 義郎,トミタ ヨシオ,男,1974/3/8,0765-85-3226,070-8646-8853,atimot1974@hi-ho.ne.jp,939-0717
ID239,野中 麻里子,ノナカ マリコ,女,1976/1/4,0172-70-4734,090-7029-7631,,036-8195
ID240,大槻 重行,オオツキ シゲユキ,男,1987/2/3,042-679-1426,090-9329-7452,ikutoo217@web.ad.jp,183-0056
ID241,大城 時司,オオキ トキジ,男,1979/11/17,0297-77-2009,070-7861-1036,ko31055013ok@example.gr.jp,300-2435
ID242,水野 幸四郎,ミズノ コウシロウ,男,1973/6/27,0824-54-8248,090-6055-8994,onuzim1973@scuba-diver.jp,728-0202
ID243,福島 秀志,フクシマ ヒデシ,男,1972/12/9,0428-03-6408,090-7666-5824,hidesi_hukusima@so-net.ne.jp,198-0044
ID244,太田 軍市,オオタ グンイチ,男,1972/1/29,01632-3-7586,090-6922-9190,itinug0129@users.gr.jp,098-3315
ID245,小坂 敬史,コサカ タカシ,男,1993/11/29,03-3399-3613,070-1307-1956,isakat1993@ybb.ne.jp,158-0091
ID246,西本 仁美,ニシモト ヒトミ,女,1978/4/20,086-406-8287,090-1755-0694,otomisin0420@example.jp,701-1612
ID247,井上 勇,イノウエ ユウ,女,1972/7/24,03-3338-2388,070-0294-4712,uuymesh@mesh.ne.jp,143-0011
ID248,今野 梨華,イマノ リカ,女,1994/12/8,0773-97-8415,090-2569-3398,onami8415@hotmail.co.jp,620-0887
ID249,東 慎治,ヒガシ シンジ,男,1989/1/12,018-449-4474,090-1928-6791,sinzihigasi@dti.ne.jp,011-0943
ID250,鎌田 庸司,カマタ ヨウジ,男,1973/12/21,0426-62-0005,090-6585-9300,kamata-youzi@example.or.jp,193-0801
ID251,堀田 直子,ホツタ ナオコ,女,1979/12/15,03-3189-0355,090-5803-9898,okoan113@sunfield.ne.jp,113-0034
ID252,中村 朋子,ナカムラ トモコ,女,1977/2/9,058-635-4261,090-1457-9432,tmk-nkmr@example.jp,500-8844
ID253,岸本 留美子,キシモト ルミコ,女,1970/3/5,0857-48-7646,070-3054-6135,rumiko0305@plala.or.jp,680-0909
ID254,金田 ひとみ,カネタ ヒトミ,女,1981/3/24,0241-36-0774,070-3092-0703,,966-0052
ID255,松山 康三,マツヤマ コウゾウ,男,1982/2/12,0267-71-2979,090-7604-0447,mytm82@example.net,385-0063
ID256,深沢 千絵子,フカサワ チエコ,女,1972/9/26,072-670-7614,070-6322-2964,tek329@tiki.ne.jp,567-0046
ID257,相沢 宏弥,アイザワ ヒロヤ,男,1981/7/21,0294-98-4341,090-4110-6522,hiroya0721@dti.ad.jp,317-0056
ID258,東 初美,ヒガシ ハツミ,女,1980/7/9,0595-29-8175,090-2783-5608,hatumi_higasi@livedoor.com,518-0748
ID259,森下 由雄,モリシタ ヨシオ,男,1990/10/19,03-3422-0148,090-6868-3963,morisita114@mail.goo.ne.jp,114-0031
ID260,藤川 久志,フジカワ ヒサシ,男,1977/4/1,0229-44-2341,,,981-4324
ID261,大塚 雄樹,オオツカ ユウキ,男,1992/11/4,086-372-9682,090-5559-0154,ootuka05@example.net,704-8161
ID262,茂木 里香,モキ リカ,女,1983/2/28,0246-31-6774,070-2419-7889,moki_rika@t-com.ne.jp,971-8126
ID263,川端 歩,カワバタ アユミ,女,1981/1/14,0142-47-7356,090-3657-3938,kwbt1981@example.jp,059-0157
ID264,小野 美里,オノ ミサト,女,1971/11/8,025-490-5899,090-9195-8084,ono71@users.gr.jp,944-0145
ID265,小松 勝行,コマツ カツユキ,男,1977/10/27,086-798-1420,090-0447-2773,katuyukikomatu@mxi.asp.home.ne.jp,710-0142
ID266,筒井 豊次,ツツイ トヨツグ,男,1989/6/2,03-3704-5498,090-2888-3285,iutut@combzmail.jp,171-0021
ID267,富田 貞郎,トミタ サダオ,男,1982/6/8,0237-73-4978,090-8761-7156,sadao.tomita@eaccess.net,9994335
ID268,和田 千恵,ワダ チエ,女,1978/6/15,042-868-6812,090-9381-8579,wd0615@web.ad.jp,350-1211
ID269,高井 禎二,タカイ テイジ,男,1980/12/28,0569-10-2042,090-5024-4899,teizi479@dion.ne.jp,479-0046
ID270,藤岡 征輝,フジオカ マサテル,男,1992/7/4,0776-94-7732,090-0427-8234,masateru.huzioka@mxi.asp.home.ne.jp,919-0311
ID271,田辺 陽子,タナベ ヨウコ,女,1977/7/31,0426-73-1823,090-1646-3666,bnt1977bnt1977@yahoo.co.jp,192-0361
ID272,宮内 征輝,ミヤウチ マサテル,男,1994/3/24,058-074-4039,090-0861-3080,myut1994@sannet.ne.jp,501-2508
ID273,河村 教夫,カワムラ ノリオ,男,1991/10/26,0197-09-4508,070-7604-0463,kawamura@combzmail.jp,029-4472
ID274,大田 省次郎,オオタ ショウジロウ,男,1991/12/19,0153-60-5375,090-8554-4502,oota-syouzirou@plala.or.jp,087-0022
ID275,望月 志奈,モチヅキ シナ,女,1977/8/7,0832-01-6629,,motiduki.sina@yahoo.co.jp,750-1131
ID276,堀口 安則,ホリグチ ヤスノリ,男,1981/8/4,042-633-2286,090-5538-1636,hrgtysnr@tiki.ne.jp,197-0802
ID277,東 秋徳,ヒガシ アキノリ,男,1981/8/15,0537-11-3523,070-1648-0208,ironika@example.gr.jp,436-0338
ID278,吉原 定行,ヨシハラ サダユキ,男,1985/1/31,0982-78-5896,090-0904-5525,,889-0902
ID279,小坂 一樹,コサカ ヒトキ,男,1992/3/20,052-917-6817,090-2458-7075,,451-0054
ID280,寺田 世弥,テラダ セイヤ,男,1984/7/14,098-572-2189,090-9526-9793,trd1984@combzmail.jp,904-0315
ID281,大村 秀一,オオムラ ヒデカズ,男,1987/3/6,0995-77-6271,,rmo@example.com,899-5412
ID282,前田 麻樹,マエタ マキ,女,1990/12/22,076-372-0711,080-6395-8658,met@gmail.com,929-0224
ID283,三好 麗奈,ミヨシ レイナ,女,1977/2/1,0259-60-8600,,,952-0201
ID284,渋谷 鉄次,シブタニ テツジ,男,1992/5/2,0479-54-1631,090-6827-1880,tetuzi0502@ocn.ne.jp,289-2132
ID285,杉浦 智,スギウラ トモ,女,1981/5/10,0428-10-8788,090-9872-9589,omot0510@asp.home.ne.jp,198-0223
ID286,小倉 俊郎,オグラ シュンロウ,男,1970/10/5,0426-53-5675,090-3826-7814,oguradsn@dsn.ad.jp,192-0032
ID287,内海 みき,ウチウミ ミキ,女,1979/12/31,0289-06-6322,090-9346-1372,miki_utiumi@excite.com,322-0254
ID288,竹田 季雄,タケダ スエオ,男,1974/9/2,0770-45-3649,090-3553-0046,se74@example.ac.jp,917-0053
ID289,土屋 孝成,ツチヤ タカシゲ,男,1994/1/26,0475-88-6626,090-7973-7358,ayitut0126@coara.or.jp,299-4115
ID290,本田 幾江,ホンダ イソエ,女,1988/2/7,054-696-4713,090-7179-7387,isoehonda@excite.com,4212306
ID291,平川 公生,ヒラカワ キミオ,男,1993/10/25,0478-60-2171,080-2166-1982,omk957@freeml.co.jp,287-0026
ID292,宮川 宏弥,ミヤカワ ヒロヤ,男,1976/11/5,01537-2-5871,090-5279-7097,,086-1027
ID293,前田 越子,マエタ エツコ,女,1985/3/2,093-165-6661,090-3133-7735,maeta.etuko@nifty.jp,801-0823
ID294,米田 凱次,ヨネタ カツジ,男,1985/9/3,042-111-9436,070-0183-6433,,197-0833
ID295,西原 真希,ニシハラ マキ,女,1994/1/23,03-3988-3002,070-6963-8787,nisihara-maki@gmo-media.jp,135-0092
ID296,落合 雄一郎,オチアイ ユウイチロウ,男,1993/9/15,042-386-9875,070-7460-3549,ota1890003@example.jp,1890003
ID297,小泉 重則,コイズミ シゲノリ,男,1985/10/18,0229-77-3874,090-6348-6406,koizumi85@iij.ad.jp,989-6834
ID298,桜井 保行,サクライ ヤスユキ,男,1979/2/13,075-289-4630,090-1836-7746,sakurai79@livedoor.com,602-8172
ID299,西野 正進,ニシノ マサノブ,男,1978/5/5,025-875-6470,090-2822-4528,,953-0133
ID300,藤岡 聡,フジオカ アキラ,男,1986/4/10,0174-30-5439,090-7730-1975,akira-huzioka@example.or.jp,030-1212
ID301,竹村 厚成,タケムラ アツナリ,男,1986/11/12,0224-34-9709,090-5961-4329,,989-0223
ID302,伊東 愛佳,イトウ アイカ,女,1991/9/14,0577-79-1128,090-4836-5957,aika.itou@infoseek.co.jp,509-4245
ID303,山岡 堅次,ヤマオカ ケンジ,男,1988/12/16,03-3245-2640,090-2138-4362,yamaoka_kenzi@sakura.ne.jp,102-0093
ID304,岩田 裕康,イワタ ヒロヤス,男,1991/7/11,076-620-8918,090-3453-2475,hrys-iwt@ath.cx,9300849
ID305,倉田 幹也,クラタ ミキヤ,男,1982/9/16,04994-2-2828,090-1312-6127,kuratamikiya@sannet.ne.jp,100-1103
ID306,杉浦 繁次,スギウラ シゲツグ,男,1988/3/28,042-932-8587,090-7869-1732,aruigus@example.or.jp,196-0014
ID307,西本 眞八,ニシモト シンヤ,男,1978/8/9,0997-17-4566,090-8878-5671,sny78sny78@fdt.ne.jp,891-9136
ID308,佐野 文典,サノ フミノリ,男,1978/10/29,0848-43-9916,090-1632-7639,hmnr-sn@nifty.jp,722-0002
ID309,小山 雅生,オヤマ マサオ,男,1988/5/15,0880-74-6787,090-8490-7422,mso_oymtokyo24@tokyo24.com,787-0324
ID310,古賀 章一,コガ ショウイチ,男,1974/11/16,03-3321-7728,090-8949-7925,koga-syouiti@livedoor.com,104-0031
ID311,川上 ナツ子,カワカミ ナツコ,女,1993/11/29,0155-70-0485,090-8526-1389,okutan1993@goo.ne.jp,080-0816
ID312,茂木 邦江,モテキ クニエ,女,1973/6/4,0883-33-0630,080-0159-2853,einuk1973@nifty.jp,779-3403
ID313,園田 志奈,ソノダ シナ,女,1983/9/18,06-6063-7200,090-2650-1256,snd_snns_dns@goo.ne.jp,564-0013
ID314,出口 真里,デグチ マリ,女,1976/12/1,075-068-5484,090-4933-0640,deguti05@gmail.com,614-8225
ID315,三宅 田鶴子,ミヤケ タヅコ,女,1982/11/16,0561-03-7520,090-0048-5844,,4801101
ID316,上野 恵,ウエノ メグミ,女,1986/8/13,0224-19-3951,090-7042-4217,mgm0813ocn@ocn.ne.jp,989-1203
ID317,梶原 佐千雄,カジハラ サチオ,男,1973/12/5,048-369-5516,070-2870-9413,,330-0834
ID318,野中 梨枝子,ノナカ リエコ,女,1975/5/22,03-3866-3825,,,167-0021
ID319,平岡 繁美,ヒラオカ シゲミ,女,1975/10/19,0428-54-9410,090-4225-6176,sgmhrok@gmail.com,198-0102
ID320,小倉 結衣,オグラ ユイ,女,1981/11/2,0776-11-5981,090-1351-6444,rgo81iij@iij.ad.jp,910-0818
ID321,関口 覚,セキグチ サトル,男,1987/11/8,072-751-0726,090-9591-9162,,568-0087
ID322,中島 奈緒,ナカシマ ナオ,女,1993/2/4,046-887-7693,070-3440-7425,mskn1993@example.com,239-0802
ID323,青柳 健之,アオヤギ タケシ,男,1981/2/22,076-262-1987,090-7006-7276,takesi-aoyagi@sannet.ne.jp,930-0132
ID324,大橋 友,オオハシ トモ,女,1978/10/1,0299-89-7190,,oohasi3150142@infoweb.ne.jp,3150142
ID325,竹下 季孝,タケシタ スエタカ,男,1970/1/13,079-244-1169,090-1289-7054,tkst3104304@yahoo.co.jp,669-2103
ID326,徳永 勝司,トクナガ カツシ,男,1990/9/22,0178-21-1289,090-0124-9271,tokunagakatusi@aitai.ne.jp,039-1538
ID327,水野 菊治,ミズノ キクハル,男,1970/4/6,048-217-4185,080-7911-0938,kkhrmzn@tiki.ne.jp,343-0027
ID328,安藤 凱次,アンドウ カツジ,男,1994/11/13,089-538-4708,090-1689-2142,andou1113@eaccess.net,791-8057
ID329,富田 芙美子,トミタ フミコ,女,1990/7/19,0175-20-1776,080-0343-8842,tmt039anet@anet.ne.jp,039-2673
ID330,長田 昌孝,ナガタ マサタカ,男,1987/11/9,0234-85-8690,090-0694-6619,,998-0281
ID331,荒木 梨絵,アラキ リエ,女,1979/2/23,0857-29-5178,090-4807-8324,arakirie@mesh.ne.jp,689-1115
ID332,酒井 火呂絵,サカイ ヒロエ,女,1974/1/10,03-3671-6881,070-9343-1860,iakas74@dion.ne.jp,179-0085
ID333,米田 譲介,マイタ ジョウスケ,男,1978/7/15,01562-6-6986,070-7675-1698,maitajousuke@livedoor.com,089-3717
ID334,栗田 庸司,クリタ ヨウジ,男,1985/4/3,072-133-9773,070-1399-8675,youzi1985@example.ac.jp,597-0091
ID335,浜田 理恵子,ハマダ リエコ,女,1979/5/30,0594-15-1780,090-4135-1301,hmd1780@example.ne.jp,511-0412
ID336,中山 拓夫,ナカヤマ タクオ,男,1980/5/13,097-892-3162,090-3554-2448,tko@dti.ne.jp,870-0953
ID337,今野 基,イマノ モトイ,男,1973/6/18,03-3244-7636,080-9167-8735,imn_mtiimn_mti@livedoor.com,201-0015
ID338,小川 道和,オガワ ミチカズ,男,1991/3/13,0763-51-8919,090-5673-4836,ogawa0313@excite.com,939-1826
ID339,大山 允彦,オオヤマ マサヒコ,男,1980/3/29,03-3352-3477,090-9547-3342,masahiko1060046@fdt.ne.jp,106-0046
ID340,堀内 隆次,ホリウチ タカジ,男,1971/8/18,03-3707-6399,090-6012-7617,takazi-horiuti@sunfield.ne.jp,150-0002
ID341,安田 悠里,ヤスタ ユリ,女,1994/11/5,0564-40-2916,090-8999-2144,atusay94@dsn.ad.jp,444-3168
ID342,西本 昌孝,ニシモト マサタカ,男,1988/3/2,0739-34-4750,070-9652-2590,,646-0021
ID343,倉田 光次,クラタ ミツジ,男,1991/10/13,098-716-8134,090-5574-7641,izutim901@mxi.asp.home.ne.jp,901-3133
ID344,菅 堅次,スガ ケンジ,男,1988/5/17,0237-11-7882,090-7438-3038,agus2003@gmail.com,990-1153
ID345,小出 育雄,コイデ イクオ,男,1983/1/29,0428-59-3216,090-1874-2674,ediok3216@ocn.ne.jp,198-0088
ID346,小倉 正征,コクラ マサユキ,男,1970/5/15,092-703-3594,070-0140-5061,kysm6153@cuib.or.jp,814-0144
ID347,浅田 孝次,アサダ コウジ,男,1982/6/15,0242-18-8828,090-4577-1455,adasa1982@excite.com,965-0837
ID348,藤本 令,フジモト レイ,女,1977/4/24,0986-78-7700,,otomizuh1977@nifty.jp,8850041
ID349,吉川 徳彦,ヨシカワ ノリヒコ,男,1972/10/4,042-529-8605,090-3032-9550,norihiko-yosikawa@fdt.ne.jp,206-0035
ID350,下田 栄之介,シモダ エイノスケ,男,1980/4/29,042-903-9089,,enskensk@example.gr.jp,182-0011
ID351,野口 由紀雄,ノグチ ユキオ,男,1993/11/18,03-3216-6407,090-4877-7492,ngt6407@hi-ho.ne.jp,125-0054
ID352,大森 鉄次,オオモリ テツジ,男,1983/2/10,0299-67-9233,070-2622-0818,oomori1983@gmo-media.jp,311-2415
ID353,岩井 雅美,イワイ マサミ,女,1980/4/26,078-185-4736,090-9990-2209,imasam@hotmail.co.jp,655-0013
ID354,片岡 登喜雄,カタオカ トキオ,男,1977/4/12,0575-63-9928,070-5049-9156,tokio1977@example.org,501-5104
ID355,栗原 禎二,クリハラ テイジ,男,1986/11/2,03-3617-4274,090-7639-6038,teizi.kurihara@example.net,142-0054
ID356,安藤 武士,アンドウ タケシ,男,1993/7/15,0763-25-4496,090-4197-0049,takesi4496@sannet.ne.jp,939-1411
ID357,塚本 梨恵子,ツカモト リエコ,女,1984/10/28,0773-80-0963,090-2537-9951,rieko1984@geocities.com,625-0073
ID358,石川 豊司,イシカワ トヨシ,男,1986/8/15,025-575-4013,070-4854-1088,toyosi2004@yahoo.co.jp,953-0101
ID359,三谷 顕太郎,サンヤ ケンタロウ,男,1993/12/3,0832-01-4767,090-8509-5584,kentarousanya@hotmail.com,750-0023
ID360,篠田 義子,シノダ ヨシコ,女,1992/11/6,0422-79-6073,090-9441-1619,ksy92@sunfield.ne.jp,181-0005
ID361,井上 理沙,イノウエ リサ,女,1991/4/6,03-3311-6854,090-0489-8231,rs_inuexample@example.org,100-0004
ID362,久保 洋助,クボ ヨウスケ,男,1985/3/9,03-3663-4651,070-4913-8855,ekusuoy1985@gmail.com,111-0036
ID363,堀田 知恵,ホツタ トモエ,女,1988/2/12,0146-33-3880,,tomoe0212@mail.goo.ne.jp,059-2342
ID364,竹内 朋,タケウチ トモ,女,1976/5/10,075-480-1865,090-8752-6701,takeuti_tomo@aitai.ne.jp,600-8433
ID365,榊原 繁造,サカキハラ シゲゾウ,男,1976/8/28,0428-27-8283,090-5008-6977,,198-0025
ID366,小川 百世,オガワ モモヨ,女,1988/9/20,093-426-1748,090-3057-5668,oyomom1988@ath.cx,805-0025
ID367,倉田 康三,クラタ ヤスゾウ,男,1992/11/3,03-3888-7044,090-2928-3904,trk1103@dti.ad.jp,103-0004
ID368,亀井 晴生,カメイ ハルオ,男,1974/6/22,0422-22-6566,090-1933-7095,kamei_haruo@infoseek.co.jp,180-0023
ID369,今野 光保,イマノ ミツホ,男,1994/6/22,075-138-4998,090-4881-0956,htm@mail.goo.ne.jp,612-0885
ID370,杉浦 雄樹,スギウラ ユウキ,男,1971/11/23,0739-70-5750,090-2600-8264,sugiurayuuki@freeml.co.jp,646-0059
ID371,佐藤 直美,サトウ ナオミ,女,1980/6/3,0284-99-9622,090-6346-5179,satou-naomi@hi-ho.ne.jp,326-0334
ID372,堀内 貴浩,ホリウチ タカヒロ,男,1986/10/6,042-990-8793,090-8128-0451,horiuti8793@example.jp,184-0014
ID373,比嘉 哲昭,ヒヨシ テツアキ,男,1992/3/4,03-3284-4686,090-9053-4516,hiyositetuaki@plala.or.jp,160-0004
ID374,田代 知美,タシロ トモミ,女,1979/5/23,092-885-8001,090-1817-6752,orisat0523@asp.home.ne.jp,811-2109
ID375,大城 酉蔵,ダイジョウ トリゾウ,男,1981/6/12,026-254-4646,080-3557-6399,trzu0612@infoweb.ne.jp,381-1222
ID376,河野 亜衣,コウノ アイ,女,1972/2/6,0596-12-0101,090-8642-9105,ai@gmail.com,516-0061
ID377,畠山 勇四郎,ハタケヤマ ユウシロウ,男,1977/5/13,0748-96-3526,090-8661-7531,amayekatah1977@dion.ne.jp,527-0002
ID378,若林 千代枝,ワカバヤシ チヨエ,女,1974/4/12,0748-30-8005,090-4818-0581,tiyoe0330eoyit@users.gr.jp,520-3325
ID379,松原 麗奈,マツバラ レナ,女,1982/10/1,0586-87-6001,090-4288-2823,matubara5432@plala.or.jp,491-0022
ID380,山村 照和,ヤマムラ テルカズ,男,1976/11/10,092-476-2124,090-3417-0070,trkz1976@eaccess.net,818-0115
ID381,馬場 伴助,ババ ハンスケ,男,1985/1/28,0167-55-8984,090-6065-3308,baba_hansuke@example.ne.jp,0710527
ID382,小田 顕太郎,オダ ケンタロウ,男,1980/1/5,045-866-4945,,oda0105infoseek@infoseek.jp,236-0051
ID383,長谷川 幸美,ハセガワ サチミ,女,1982/7/29,0794-85-7996,090-9088-9380,hasegawasatimi@excite.com,6751308
ID384,北原 宏侑,キタハラ ヒロユキ,男,1980/9/22,0133-62-5891,090-2075-8384,rhtk5891@mail.goo.ne.jp,061-3779
ID385,渡部 典生,ワタナベ ノリオ,男,1978/10/4,0745-48-9913,090-2688-6532,nro.wtnb@web.ad.jp,639-2258
ID386,谷口 従典,タニグチ ヨリフミ,男,1980/1/20,03-3274-7572,090-1110-7094,yrhm1620832@infoseek.jp,162-0832
ID387,西本 初,ニシモト ハジメ,男,1973/11/30,026-391-5600,070-3248-6614,otomisin3800912@example.or.jp,380-0912
ID388,富田 理沙,トミタ リサ,女,1989/10/26,03-3395-1932,090-1257-2431,tmt.rs@so-net.ne.jp,165-0034
ID389,大森 三起,オオモリ ミキ,女,1984/11/28,0426-76-7074,090-6182-0648,mk.omr@example.com,192-0023
ID390,豊田 三光,トヨタ ミツテル,男,1993/3/29,097-399-7650,,mttr1993@example.org,870-1122
ID391,荒木 歩,アラキ アユミ,女,1978/1/19,072-054-4693,090-3957-2551,kra0119kra0119@gmail.com,572-0864
ID392,石川 荘介,イシカワ ソウスケ,男,1975/9/20,0259-91-4201,090-7349-8551,isikawa9521507@sannet.ne.jp,952-1507
ID393,金沢 和広,カナザワ カズヒロ,男,1973/6/12,082-903-6576,090-2076-1199,orihuzak334@dion.ne.jp,733-0006
ID394,森 元信,モリ モトノブ,男,1991/9/29,0972-75-2824,090-4673-1286,ubonotom2824@freeml.co.jp,879-2473
ID395,大平 礼子,オオヒラ レイコ,女,1979/7/5,03-3559-3009,070-5077-7564,reiko0705@t-com.ne.jp,124-0021
ID396,嶋田 さやか,シマダ サヤカ,女,1971/5/5,0964-08-9403,,simada1971@dti.ne.jp,869-0407
ID397,宇野 堅次,ウノ ケンジ,男,1983/6/10,075-114-6157,090-8084-0371,iznek6157@freeml.co.jp,612-8431
ID398,石塚 千絵子,イシヅカ チエコ,女,1978/1/20,0428-09-6753,090-6138-9127,isiduka.tieko@infoseek.co.jp,198-0222
ID399,大谷 準司,オオタニ ジュンジ,男,1993/12/10,042-081-0933,090-5907-2159,junzi1210@example.ne.jp,187-0003
ID400,稲葉 道彦,イナバ ミチヒコ,男,1988/8/6,077-000-7596,090-6074-2768,mitihiko7596@iij.ad.jp,520-0362
ID401,古谷 良司,フルタニ リョウジ,男,1993/4/11,042-986-0024,070-5728-4354,ryouzi203@sakura.ne.jp,203-0001
ID402,新田 悠子,アラタ ユウコ,女,1994/6/26,0968-34-2124,090-9704-3107,tra06266260art@web.ad.jp,865-0125
ID403,吉野 義武,ヨシノ ヨシタケ,男,1977/3/19,042-434-9232,090-1708-3990,ekatisoy77@example.gr.jp,1820033
ID404,村田 興子,ムラタ コウコ,女,1978/4/12,042-423-9918,090-8711-5955,kuk1978@bbtec.net,190-1222
ID405,高田 光次,タカタ ミツジ,男,1984/5/23,0766-95-4710,090-6298-6722,tktmtz@dti.ad.jp,934-0039
ID406,河村 源三郎,カワムラ ゲンザブロウ,男,1970/6/16,03-3163-3435,,gnzbrukwmr@example.jp,154-0003
ID407,村瀬 都義,ムラセ クニヨシ,男,1975/7/10,026-777-5496,070-0315-1716,mrs_knys@fdt.ne.jp,382-0064
ID408,堀内 美樹,ホリウチ ミキ,女,1976/3/26,0577-17-6902,090-5584-5874,mk76infoseek@infoseek.jp,501-5411
ID409,辻 則重,ツジ ノリシゲ,男,1992/5/29,045-397-1436,090-3320-8730,,225-0013
ID410,富田 伸江,トミタ ノブエ,女,1991/10/3,0776-12-0551,090-6023-6156,tomita_nobue@infoseek.co.jp,910-1112
ID411,丸山 源平,マルヤマ ゲンペイ,男,1992/6/27,0739-78-0475,090-8009-3087,myrm1992@gmo-media.jp,645-0022
ID412,小原 有香,コハラ ユカ,女,1976/8/27,0761-30-3921,,,923-0965
ID413,大崎 義勝,オオサキ ヨシカツ,男,1980/8/2,03-3920-1220,090-7012-9984,utakisoy0802@scuba-diver.jp,103-0016
ID414,飯田 章緒,イイダ アキオ,女,1975/6/28,0574-91-7870,070-0315-8814,akio7870@infoweb.ne.jp,509-1113
ID415,東 光範,ヒガシ ミツノリ,男,1979/1/6,0561-95-6398,070-6779-0685,higasi0106@comeon.to,489-0962
ID416,黒木 澄,クロキ スミ,女,1980/11/2,0246-64-7321,,kuroki1102@dti.ad.jp,971-8141
ID417,稲葉 利克,イナバ トシカツ,男,1973/7/6,0126-41-6333,,inbtskt@dti.ad.jp,068-1114
ID418,小西 麻琴,コニシ マコト,女,1980/7/26,0736-61-6190,090-2794-6565,makoto.konisi@sunfield.ne.jp,649-6244
ID419,堀田 千恵,ホツタ チエ,女,1989/6/24,0594-41-7127,090-7133-8876,atutoh89@coara.or.jp,511-0802
ID420,矢野 啓矩,ヤノ ヒロノリ,男,1985/8/12,03-3175-9437,070-0785-0041,ironorih1985@dti.ne.jp,143-0022
ID421,富田 三男,トミタ ミツオ,男,1983/2/13,054-645-5697,070-6121-7683,atimot83@gmail.com,420-0017
ID422,徳田 智美,トクタ トモミ,女,1970/10/25,0228-75-8912,090-4433-2060,tomomi.tokuta@scuba-diver.jp,987-2313
ID423,渡部 喜重,ワタナベ ヨシシゲ,男,1971/10/6,025-823-3743,090-1735-5146,,943-0108
ID424,高井 喜男,タカイ ヨシオ,男,1985/8/28,0857-65-1416,090-7453-5528,,680-1231
ID425,榎本 岩美,エノモト イワミ,女,1970/3/22,0256-13-7436,090-1601-0804,enomoto_iwami@geocities.com,959-0206
ID426,塚本 久志,ツカモト ヒサシ,男,1983/1/7,098-022-0022,090-2814-0477,isasih904@dti.ne.jp,904-0315
ID427,西川 亮子,ニシカワ リョウコ,女,1973/11/21,03-3820-1861,090-2475-1948,nskw-ryuk@fdt.ne.jp,150-0043
ID428,上原 雅義,ウエハラ マサヨシ,男,1990/7/7,01374-7-6187,090-8697-4380,uhr90uhr90@infoweb.ne.jp,049-2464
ID429,中尾 裕康,ナカオ ヒロヤス,男,1988/8/6,082-903-0518,090-4932-7212,nko88hi@hi-ho.ne.jp,739-1734
ID430,新谷 恵理,アラヤ エリ,女,1980/4/13,0465-22-5491,090-0285-5410,,250-0014
ID431,岡村 佐十郎,オカムラ サジュウロウ,男,1979/3/11,01456-8-0460,090-7241-3449,urujs0460@tokyo24.com,055-0008
ID432,田原 礼,タハラ レイ,女,1975/9/29,022-532-5132,090-4426-1035,tahara75@nifty.jp,980-0853
ID433,菅野 伸二,スガノ シンジ,男,1980/11/13,050-8282-0855,090-4369-0245,onagus80@infoweb.ne.jp,966-0048
ID434,平田 千勢子,ヒラタ チセコ,女,1972/7/10,0883-82-4363,070-3375-1470,trh0710@eaccess.net,771-1706
ID435,北村 明寛,キタムラ アキヒロ,男,1978/4/3,03-3105-5624,090-8743-6461,rmtk1978@nifty.jp,124-0021
ID436,嶋田 亀男,シマダ カメオ,男,1971/5/12,0476-15-1570,,simada_kameo@infoseek.co.jp,286-0126
ID437,大橋 梨華,オオハシ リカ,女,1978/8/25,0426-25-4611,,rk@hi-ho.ne.jp,192-0023
ID438,根岸 三保子,ネギシ ミホコ,女,1990/3/1,0778-93-5978,090-9374-2542,okohim@gmail.com,916-0301
ID439,河野 知生,カワノ トモオ,男,1990/12/30,093-460-3535,090-1113-4970,tomookawano@dsn.ad.jp,803-0843
ID440,川村 康伸,カワムラ ヤスノブ,男,1972/6/2,0438-86-7464,090-5487-8741,arumawak1972@dion.ne.jp,292-0043
ID441,竹下 一生,タケシタ イッセイ,男,1974/3/27,0569-52-6074,090-3529-9132,iessi@gmo-media.jp,479-0852
ID442,上原 幸郎,ウエハラ ユキロウ,男,1980/4/12,0968-09-1782,090-5993-4344,yukirou-uehara@infoweb.ne.jp,861-1213
ID443,宮本 新太郎,ミヤモト シンタロウ,男,1974/3/23,0768-75-7202,,sntrumymt@combzmail.jp,9280235
ID444,沼田 満生,ヌマタ ミツオ,男,1972/10/28,0743-99-9846,090-8309-7125,mituonumata@infoseek.jp,630-2354
ID445,橋本 光善,ハシモト ミツヨシ,男,1979/3/8,0229-81-9995,090-0577-6437,,989-6834
ID446,小倉 力弥,オグラ リキヤ,男,1983/3/9,0229-52-6037,,ogura.rikiya@hi-ho.ne.jp,989-4201
ID447,林 芳弘,ハヤシ ヨシヒロ,男,1981/4/14,0972-10-9554,090-9995-4801,,876-0856
ID448,大山 金義,オオヤマ カネヨシ,男,1988/12/23,06-6092-1756,090-6820-2026,oym.knys@asp.home.ne.jp,530-0052
ID449,宮田 貞久,ミヤタ サダヒサ,男,1979/3/21,06-6941-0843,080-0901-8705,asihadas0321@example.ad.jp,579-8011
ID450,大島 雅則,オオシマ マサノリ,男,1976/7/18,0865-23-5198,090-9667-0328,amisoo2131606@dti.ad.jp,714-0072
ID451,上田 三佐男,ウエダ ミサオ,男,1992/4/20,0279-38-6909,090-0024-4708,adeu92@hi-ho.ne.jp,379-1111
ID452,武田 悠里,タケダ ユリ,女,1983/1/4,0145-44-2256,,takeda-yuri@plala.or.jp,059-1601
ID453,武藤 佑治,タケトウ ユウジ,男,1972/7/3,03-3373-1782,090-9767-2384,tktu72@aitai.ne.jp,121-0072
ID454,八木 允彦,ヤギ マサヒコ,男,1979/6/11,08247-8-8053,090-4271-1590,igay1979@example.gr.jp,729-5501
ID455,神田 三起,カンダ ミキ,女,1970/2/10,086-346-0488,,kanda_miki@cuib.or.jp,701-1337
ID456,奥野 裕香,オクノ ユウカ,女,1981/1/28,07912-7-7309,090-1279-3737,yuk.okn@plala.or.jp,678-0064
ID457,原口 直秋,ハラグチ ナオアキ,男,1979/4/20,075-461-2308,090-2152-4415,ikaoan0420@so-net.ne.jp,600-8895
ID458,川村 葉子,カワムラ ヨウコ,女,1978/11/14,0250-38-2595,070-4557-9327,okuoy1978@sakura.ne.jp,959-1767
ID459,牧野 純太,マキノ ジュンタ,男,1970/3/4,0877-97-6430,090-2369-3867,onikam0304@odn.ne.jp,766-0006
ID460,浜野 美紀,ハマノ ミキ,女,1976/6/12,03-3518-6170,090-8174-0070,hamanomiki@gmo-media.jp,120-0021
ID461,宮本 真希,ミヤモト マキ,女,1989/12/4,0235-39-9209,090-4158-2724,otomayim997@comeon.to,997-0625
ID462,坂田 勇四郎,サカタ ユウシロウ,男,1994/1/9,03-3442-4142,070-2145-4104,sakata_yuusirou@sannet.ne.jp,160-0008
ID463,内山 元久,ウチヤマ モトヒサ,男,1984/2/28,0426-52-4360,,asihotom@example.ac.jp,192-0355
ID464,河原 稔郎,カワハラ トシロウ,男,1976/10/30,0792-13-1022,,kawahara@livedoor.com,670-0897
ID465,堀内 一智,ホリウチ カズトモ,男,1989/4/10,076-480-8827,090-1716-6718,horiuti939@hotmail.co.jp,939-2216
ID466,宮本 奈緒美,ミヤモト ナオミ,女,1978/10/29,0996-78-4901,090-6325-4906,naomimiyamoto@example.ad.jp,899-1924
ID467,森本 允彦,モリモト マサヒコ,男,1982/2/28,022-810-5686,090-0652-5212,morimoto.masahiko@ybb.ne.jp,980-0853
ID468,林田 越子,ハヤシダ エツコ,女,1979/8/10,0268-00-9113,070-0529-2769,etuko1979@iij.ad.jp,386-1437
ID469,西 顕子,ニシ アキコ,女,1990/1/27,0480-19-3788,090-1893-9192,nsakkkkasn@example.co.jp,347-0115
ID470,村上 良秋,ムラカミ ヨシアキ,男,1981/12/12,0944-28-3624,090-1739-4942,murakami2005@tokyo24.com,836-0861
ID471,沼田 貞郎,ヌマタ サダオ,男,1985/6/8,0740-46-3556,090-1574-4655,,520-1101
ID472,丸山 とく子,マルヤマ トクコ,女,1988/6/20,0172-50-8288,090-1828-5931,kkt23415@iij.ad.jp,036-8382
ID473,武井 長生,タケイ ナガオ,男,1984/7/23,0237-39-7892,090-6534-5594,oaganexcite@excite.com,991-0043
ID474,松下 竹一,マツシタ タケイチ,男,1978/9/6,0795-54-5952,,takeiti5952@example.gr.jp,679-1107
ID475,浜野 数也,ハマノ カズヤ,男,1973/7/23,0247-53-4510,090-3678-6443,hamano73@dion.ne.jp,963-4115
ID476,江口 ひとみ,エグチ ヒトミ,女,1974/5/17,023-956-1940,090-4357-8463,mth1940@hi-ho.ne.jp,990-2307
ID477,高田 邦美,タカタ クニミ,女,1988/8/29,075-675-2699,090-6453-8985,iminuk0829@comeon.to,615-0924
ID478,大城 靖雄,ダイジョウ ヤスオ,男,1981/3/5,03-3984-6248,070-4309-1867,yasuo1981@dion.ne.jp,176-0002
ID479,安部 千代枝,アベ チヨエ,女,1985/3/5,0761-77-8219,090-7948-9915,ba7378@scuba-diver.jp,923-1112
ID480,中原 嘉彦,ナカハラ ヨシヒコ,男,1983/3/15,0428-03-2148,090-6323-3314,arahakan@mesh.ne.jp,198-0224
ID481,植田 麗奈,ウエタ レイナ,女,1989/12/14,0858-79-6984,,reina1214@dti.ad.jp,689-2203
ID482,田代 和久,タシロ カズヒサ,男,1976/2/13,0944-97-9250,090-0748-2909,shzk0213@combzmail.jp,830-0405
ID483,山岡 祐美,ヤマオカ ユウミ,女,1978/11/18,042-648-7553,090-3834-0630,imuuy7553@example.ne.jp,183-0015
ID484,内田 史男,ウチダ フミオ,男,1972/1/16,0226-68-8998,090-1562-6585,dtu7220181029@yahoo.co.jp,988-0465
ID485,古賀 成夫,コガ ナリオ,男,1985/3/13,0235-35-6936,090-2377-3345,nario1985@example.ne.jp,997-0846
ID486,川野 亮子,コウノ リョウコ,女,1993/10/13,0143-77-6562,070-5409-5388,kun_ryuk@combzmail.jp,059-0012
ID487,宮下 敏江,ミヤシタ トシエ,女,1992/5/4,0263-41-4646,090-0194-9907,eisot4646@dti.ne.jp,399-7101
ID488,森山 英則,モリヤマ ヒデノリ,男,1977/8/18,054-448-3917,070-7813-3224,hdnr-mrym@ath.cx,420-0942
ID489,三宅 良信,ミヤケ ヨシノブ,男,1988/1/16,0193-49-4265,080-1982-4591,bnsy1988@example.co.jp,028-1131
ID490,長野 善二,ナガノ ゼンジ,男,1977/8/5,042-789-4366,070-0020-3454,onagan1960022@nifty.jp,196-0022
ID491,岸本 朋絵,キシモト トモエ,女,1974/9/30,0763-16-2513,090-1684-4274,kisimoto0930@fdt.ne.jp,939-1541
ID492,岡崎 芙美子,オカザキ フミコ,女,1983/5/1,03-3244-4337,070-1668-0872,kmh4337@mail.goo.ne.jp,166-0003
ID493,平岡 留三,ヒラオカ リュウゾウ,男,1972/8/4,07356-4-7012,,hiraoka-ryuuzou@example.jp,649-3523
ID494,菊池 信弥,キクチ シンヤ,男,1974/8/11,075-813-8899,070-9217-9799,yns@mail.goo.ne.jp,602-0024
ID495,高橋 亜里香,タカハシ アリカ,女,1976/10/22,0795-87-2611,090-9814-8071,arika1976@dion.ne.jp,669-3633
ID496,川上 耕介,カワカミ コウスケ,男,1988/2/22,0854-25-5331,080-0261-4536,ekusuok3544@eaccess.net,690-3512
ID497,内田 真人,ウチダ マコト,男,1993/5/6,03-3281-8325,,utdmkt@so-net.ne.jp,1010032
ID498,福本 光保,フクモト ミツホ,男,1979/7/31,0561-97-1626,090-7991-6147,otomukuh79@sannet.ne.jp,470-0131
ID499,岩瀬 杏子,イワセ キョウコ,女,1981/6/1,0836-21-4349,090-9766-9288,kyuk.iws@combzmail.jp,754-1312
ID500,入江 彩,イリエ アヤ,女,1973/5/20,0794-04-7417,090-6872-8109,,673-0445
ID501,佐久間 友,サクマ トモ,女,1994/5/20,0532-00-6348,090-1747-4781,tomo94@combzmail.jp,440-0035
ID502,中村 利人,ナカムラ トシヒト,男,1977/6/11,0749-20-2078,090-0559-2386,thst@example.jp,529-0123
ID503,内田 森勝,ウチダ モリカツ,男,1976/6/2,0428-15-5236,070-0969-8191,tkrm20140930@comeon.to,198-0032
ID504,塚本 貴雅,ツカモト タカマサ,男,1992/9/1,01654-6-6090,090-9512-6638,otomakut@aitai.ne.jp,096-0032
ID505,堀江 富良,ホリエ トミヨシ,男,1984/7/19,011-212-3978,090-3484-6551,horietomiyosi@infoweb.ne.jp,064-0930
ID506,三好 愛作,ミヨシ アイサク,男,1985/10/19,023-339-3057,090-3289-7048,ksa990@mxi.asp.home.ne.jp,990-2307
ID507,藤本 安彦,フジモト ヤスヒコ,男,1980/12/10,042-173-1891,,huzimotoyasuhiko@excite.com,194-0211
ID508,浜崎 博男,ハマサキ ヒロオ,男,1985/1/12,0994-41-1507,070-5953-8361,hro-hmsk@infoweb.ne.jp,893-0014
ID509,村瀬 郁穂,ムラセ イクオ,男,1989/4/23,07476-2-8628,090-0565-6522,mrs19899891srm@mesh.ne.jp,638-0305
ID510,三谷 恵理,サンヤ エリ,女,1971/9/29,042-843-0495,,er092919820117@infoseek.jp,195-0072
ID511,小倉 令,コクラ レイ,女,1980/12/16,0265-87-7196,090-6530-9795,,395-0065
ID512,松山 佑治,マツヤマ ユウジ,男,1988/1/16,075-267-3554,090-6825-4498,yuuzi_matuyama@ath.cx,600-8086
ID513,大平 慎吾,オオヒラ シンゴ,男,1980/3/19,0745-33-5136,,singo8020101010@hi-ho.ne.jp,639-2274
ID514,深沢 直武,フカサワ ナオタケ,男,1990/12/7,052-641-1670,070-7175-2571,awasakuh1990@excite.com,453-0866
ID515,斎藤 重三郎,サイトウ シゲザブロウ,男,1993/2/16,047-405-4874,090-7442-9884,saitou272@tiki.ne.jp,272-0135
ID516,多田 宗司,タダ ムネシ,男,1983/3/10,01646-8-9105,090-2922-6243,adat9105@excite.co.jp,078-4103
ID517,大島 靖浩,オオシマ ヤスヒロ,男,1978/12/3,0296-21-7239,090-1823-2572,rhsy7239@tiki.ne.jp,304-0014
ID518,小沢 宏弥,オザワ ヒロヤ,男,1989/7/14,0763-50-8000,090-1466-3684,ozawa0714@goo.ne.jp,939-1541
ID519,池田 裕子,イケダ ユウコ,女,1981/5/25,075-045-8188,090-6344-6009,yuuko8188@livedoor.com,616-8284
ID520,横井 美緒,ヨコイ ミオ,女,1992/6/15,0778-15-2352,090-5128-2434,yki_mo19931125@cuib.or.jp,915-0251
ID521,角田 あさ美,ツノダ アサミ,女,1983/2/25,03-3774-9801,090-9285-9588,tndasmtndasm@dion.ne.jp,124-0004
ID522,山崎 一城,ヤマサキ カズキ,男,1978/11/23,054-542-0516,090-6187-0194,kazukiyamasaki@example.co.jp,424-0051
ID523,大西 嘉邦,オオニシ ヨシクニ,男,1971/8/6,03-3594-8912,090-1280-2839,yosikuni_oonisi@example.com,162-0807
ID524,加藤 昌孝,カトウ マサタカ,男,1987/12/21,0465-74-6255,090-3583-9279,utk1987@nifty.com,250-0014
ID525,中井 聖弘,ナカイ キヨヒロ,男,1990/7/29,04-4183-1408,080-6759-1251,,296-0124
ID526,窪田 繁次,クボタ シゲツグ,男,1988/9/2,0770-87-3943,070-9334-7623,,919-1327
ID527,堀口 康三,ホリグチ ヤスゾウ,男,1993/2/6,0289-64-9479,090-6534-2972,itugiroh93@example.org,322-0016
ID528,梶原 愛佳,カジハラ アイカ,女,1992/10/29,042-098-2366,090-0498-1903,akia2366@cuib.or.jp,207-0021
ID529,浅野 幸村,アサノ ユキムラ,男,1976/9/11,0182-67-6492,090-9582-2085,yukimura.asano@mesh.ne.jp,019-0705
ID530,岩井 武俊,イワイ タケトシ,男,1994/4/15,0556-99-3877,090-2731-9617,iwitkts@sannet.ne.jp,409-2404
ID531,米田 雅近,コメタ マサチカ,男,1987/7/16,03-3267-5554,090-9765-3265,kometa103@tiki.ne.jp,103-0014
ID532,宮川 有三,ミヤカワ ユウゾウ,男,1982/6/28,0956-77-5213,090-7653-4697,miyakawa_yuuzou@tokyo24.com,857-0054
ID533,谷川 泳助,タニカワ エイスケ,男,1992/9/20,03-3206-6804,090-8214-4632,eisuke2006@dion.ne.jp,157-0064
ID534,平松 真人,ヒラマツ マコト,男,1977/7/24,0798-44-6993,090-2823-9786,hrmt-mkt@example.jp,662-0026
ID535,鈴木 章子,スズキ ショウコ,女,1983/4/1,0827-60-7859,090-4134-3256,suzuki7400018@sannet.ne.jp,740-0018
ID536,井口 良秋,イグチ ヨシアキ,男,1971/4/9,0426-82-2869,090-1931-3058,ysakigt@gmo-media.jp,192-0053
ID537,北村 恵,キタムラ メグミ,女,1977/11/15,0155-34-9897,090-1401-4367,megumi089@cuib.or.jp,089-0574
ID538,冨田 理平,トミタ リヘイ,男,1978/10/27,0572-23-7664,090-9464-2660,,507-0841
ID539,横山 奈緒,ヨコヤマ ナオ,女,1978/5/28,0883-06-4511,090-3400-3978,nao.yokoyama@gmail.com,779-3405
ID540,島崎 邦江,シマサキ クニエ,女,1975/3/24,0563-95-1453,090-8861-8342,simasaki-kunie@excite.com,444-0332
ID541,野崎 水泉,ノザキ スイセン,男,1972/6/27,0996-32-5844,090-6992-7558,nzk.sisn@combzmail.jp,899-0214
ID542,安井 彩,ヤスイ アヤ,女,1985/4/8,0126-73-5742,080-9876-5124,aya0720059@example.co.jp,072-0059
ID543,杉山 厚史,スギヤマ アツシ,男,1979/8/14,042-443-1927,,sugiyama1927@livedoor.com,188-0004
ID544,平山 道彦,ヒラヤマ ミチヒコ,男,1972/2/4,0595-98-9960,,okihitim5154@aitai.ne.jp,519-0158
ID545,永野 軍市,ナガノ グンイチ,男,1982/11/29,048-931-8893,,guniti714314@odn.ne.jp,363-0005
ID546,佐久間 永子,サクマ ナガコ,女,1985/1/31,043-671-9681,090-5597-1772,okagan85@excite.co.jp,260-0802
ID547,飯塚 厚哉,イイツカ アツヤ,男,1983/9/17,03-3157-2879,090-5947-0833,ktiiij@iij.ad.jp,120-0024
ID548,小山 久紀,オヤマ ヒサノリ,男,1978/11/18,0996-00-9702,090-6434-9121,hisanori-oyama@nifty.jp,896-0013
ID549,矢島 尊則,ヤジマ タカノリ,男,1974/8/21,058-171-3725,090-5670-7537,amizay@mesh.ne.jp,502-0027
ID550,溝口 文典,ミゾクチ フミノリ,男,1971/7/7,076-484-8458,090-3396-1045,itukozim71@example.gr.jp,930-0216
ID551,伊藤 達太郎,イトウ タツタロウ,男,1987/8/6,019-941-9504,090-4022-1608,itoutatutarou@excite.com,020-0878
ID552,堀川 淳子,ホリカワ ジュンコ,女,1987/9/9,042-337-5959,,oknuj315710@sannet.ne.jp,185-0023
ID553,佐久間 茂俊,サクマ シゲトシ,男,1979/12/22,0172-16-0197,090-7126-0694,isotegis2005@odn.ne.jp,036-0401
ID554,平田 登喜雄,ヒラタ トキオ,男,1978/12/1,076-333-7968,090-5123-8895,oikot1201@example.ad.jp,930-0341
ID555,宮田 俊憲,ミヤタ トシノリ,男,1971/5/10,0594-12-7574,090-2077-6889,tosinori_miyata@infoseek.jp,511-0524
ID556,新井 久江,アライ ヒサエ,女,1984/12/11,0248-48-7277,090-5832-2344,araihisae@example.ad.jp,961-0065
ID557,笠原 華代,カサハラ ハナヨ,女,1979/2/3,0185-32-2171,,kasahara9106@cuib.or.jp,016-0875
ID558,大城 偉生,ダイジョウ ヒデオ,男,1992/3/24,0823-74-9819,090-0113-9989,daijou_hideo@example.jp,737-0034
ID559,金城 友子,キンジョウ トモコ,女,1983/11/25,0837-81-0413,070-4287-4068,tmk-knju@bbtec.net,759-4713
ID560,黒川 武久,クロカワ タケヒサ,男,1986/11/12,01584-4-8634,090-2533-3385,kurokawa-takehisa@fdt.ne.jp,099-0203
ID561,小沢 希美,オザワ ノゾミ,女,1978/11/21,075-300-9598,,awazo1121@tokyo24.com,6020831
ID562,松原 美世,マツバラ ミヨ,女,1972/11/5,043-081-9710,070-6554-2368,my1972@nifty.jp,285-0921
ID563,三上 美次,ミカミ ヨシツグ,男,1981/5/27,0827-56-5086,090-7382-4050,yositugu7410071@comeon.to,741-0071
ID564,内海 益已,ウツミ マスミ,男,1986/3/18,0767-09-2491,,masumi86@combzmail.jp,929-1801
ID565,長谷川 留三,ハセガワ リュウゾウ,男,1978/5/5,0950-70-3379,080-4395-9338,awagesah@hotmail.co.jp,859-5805
ID566,内海 美哉,ウチウミ ヨシヤ,男,1973/6/10,076-846-3491,090-7157-7642,yosiya.utiumi@infoseek.jp,920-1334
ID567,福井 理香,フクイ リカ,女,1991/9/12,0126-35-9334,090-7512-5574,hki@fdt.ne.jp,068-0021
ID568,小出 裕康,コイデ ヒロヤス,男,1981/1/15,0568-64-6126,090-8601-4055,hiroyasu6142@asp.home.ne.jp,484-0023
ID569,渋谷 勝許,シブタニ カツモト,男,1979/4/27,025-159-7221,090-3589-7776,sibutani_katumoto@coara.or.jp,950-1217
ID570,黒川 純隆,クロカワ スミタカ,男,1974/4/5,050-2542-6696,090-3442-8324,sumitaka0405@anet.ne.jp,078-4103
ID571,岸 義将,キシ ヨシマサ,男,1979/4/18,03-3934-0919,070-8040-7512,isik532isik532@tiki.ne.jp,179-0084
ID572,大塚 英造,オオツカ エイゾウ,男,1971/11/13,0883-83-9566,090-9936-2403,otk.ezuaitai@aitai.ne.jp,779-5325
ID573,桜井 通,サクライ トオル,男,1990/4/6,04992-4-3860,070-1777-8995,sakurai3860@nifty.jp,100-0211
ID574,菊池 安彦,キクチ ヤスヒコ,男,1993/8/19,0974-80-9224,090-2829-0736,yshk_kkt@example.com,879-6181
ID575,中西 和海,ナカニシ カズミ,男,1990/9/27,092-155-3532,070-9185-4158,nkns1990@yahoo.co.jp,818-0136
ID576,小倉 三平,オグラ サンペイ,男,1983/2/3,042-052-8759,090-6094-0364,ogura_sanpei@dti.ad.jp,190-1201
ID577,岡村 益已,オカムラ マスミ,男,1982/1/3,0766-72-9937,070-3678-8545,masumi82@example.ac.jp,933-0014
ID578,北島 完一,キタジマ カンイチ,男,1982/4/3,0772-53-1361,070-9321-5355,knt-ktzm@mxi.asp.home.ne.jp,629-3437
ID579,植田 虎之助,ウエタ トラノスケ,男,1992/10/7,050-4193-3185,090-1164-3637,ueta.toranosuke@sannet.ne.jp,928-0003
ID580,酒井 聡,サカイ アキラ,男,1982/5/12,0533-17-4811,090-9956-5276,sakaiakira@example.co.jp,442-0012
ID581,大城 源平,オオキ ゲンペイ,男,1989/7/15,0247-14-3297,090-9282-2985,ipng20030729@sannet.ne.jp,963-4115
ID582,福井 拓夫,フクイ タクオ,男,1983/9/25,042-666-6130,090-4198-3973,iukuh0925@cuib.or.jp,183-0021
ID583,高瀬 三佐男,タカセ ミサオ,男,1987/3/11,0799-13-6815,070-2427-6724,tks-mso@example.net,656-2223
ID584,筒井 三男,ツツイ ミツオ,男,1978/10/30,0428-97-5237,090-8968-3630,otm1980051@example.co.jp,198-0051
ID585,秋山 由文,アキヤマ ヨシフミ,男,1981/9/10,022-824-7240,090-0414-8942,akiyama.yosihumi@infoweb.ne.jp,981-3105
ID586,大槻 留美子,オオツキ ルミコ,女,1970/9/5,0291-93-8519,090-7584-0189,rumiko_ootuki@infoseek.jp,311-2117
ID587,内海 明寛,ウツミ アキヒロ,男,1972/12/6,0288-28-1393,090-5847-9163,akhr1206@example.com,321-1404
ID588,臼井 道義,ウスイ ミチヨシ,男,1976/9/28,0574-93-7024,090-5570-3492,iusu1976@mesh.ne.jp,509-1113
ID589,飯塚 育雄,イイツカ イクオ,男,1982/4/6,0894-68-8190,090-1699-7954,iko.itk@hotmail.co.jp,796-0048
ID590,今野 恭造,イマノ キョウゾウ,男,1974/5/4,042-753-5507,090-1422-2596,uozuoyk@infoseek.jp,184-0002
ID591,二宮 拓夫,ニノミヤ タクオ,男,1992/12/5,098-783-4553,090-8746-4328,oukat1205@plala.or.jp,900-0029
ID592,上村 直秋,カミムラ ナオアキ,男,1989/3/7,086-314-5363,090-7594-7176,arumimak89@yahoo.co.jp,710-0142
ID593,窪田 喜久郎,クボタ キクオ,男,1986/8/10,042-216-5869,090-2531-0561,kubota_kikuo@infoseek.jp,190-0211
ID594,徳永 明久,トクナガ アキヒサ,男,1972/10/11,0773-54-6877,090-8256-9040,gnkt1972@ocn.ne.jp,620-1435
ID595,松村 彩,マツムラ アヤ,女,1992/5/12,0241-14-5601,090-3044-9379,ya1992@example.net,969-4404
ID596,松岡 美次,マツオカ ヨシツグ,男,1990/10/11,058-983-7101,090-3588-7282,akoutam7101@nifty.com,502-0824
ID597,坂口 銀之助,サカグチ ギンノスケ,男,1994/7/9,0299-57-9987,090-4460-1337,itugakas@geocities.com,315-0019
ID598,村瀬 真由美,ムラセ マユミ,女,1987/1/24,03-3097-1817,090-5182-2902,murase0124@aitai.ne.jp,110-0002
ID599,堀川 成男,ホリカワ シゲオ,男,1985/1/1,0770-36-4516,090-4142-7158,oegis@nifty.com,917-0017
ID600,浅野 岩美,アサノ イワミ,女,1989/11/15,0829-53-2183,070-7076-5406,iwm_asn@example.com,739-0411
ID601,畑中 辰己,ハタケナカ タツミ,男,1978/1/30,0185-15-9835,090-1647-7071,htknk.ttm@geocities.com,010-0443
ID602,石原 美砂,イシハラ ミサ,女,1983/7/16,03-3980-0522,,asim123@example.gr.jp,123-0874
ID603,増田 裕仁,マスダ ヒロヒト,男,1970/8/30,0439-67-2330,090-3159-5591,msd1970scuba@scuba-diver.jp,299-1106
ID604,福原 信春,フクハラ ノブハル,男,1993/12/13,0240-03-6191,090-4327-0481,arahukuh1213@goo.ne.jp,979-1603
ID605,米田 利次,マイタ トシジ,男,1994/5/24,042-276-1198,070-0381-3791,tosizi-maita@coara.or.jp,202-0011
ID606,福本 勝弘,フクモト カツヒロ,男,1979/11/16,079-291-5741,090-2851-3061,katuhirohukumoto@gmo-media.jp,676-0062
ID607,岡崎 千代枝,オカザキ チヨエ,女,1987/8/15,0824-28-1888,090-4264-7425,kzko1888@combzmail.jp,729-4207
ID608,川田 茂信,カワタ シゲノブ,男,1976/6/21,098-700-7587,090-4763-8501,sgnb461@nifty.jp,901-3111
ID609,飯島 定行,イイジマ サダユキ,男,1988/11/17,0197-19-0623,090-6182-5767,izm0230014@tokyo24.com,023-0014
ID610,千田 淳子,センダ ジュンコ,女,1985/9/8,0883-44-2940,070-9042-4870,junko778@infoseek.jp,778-0105
ID611,神谷 勝許,カミタニ カツモト,男,1976/11/17,0898-81-1451,070-9461-8186,katumoto.kamitani@yahoo.co.jp,794-0036
ID612,石黒 悠里,イシクロ ユリ,女,1978/6/22,0826-39-8404,090-2973-8367,isikuro_yuri@example.co.jp,731-1222
ID613,大崎 郁穂,オオサキ イクオ,男,1986/9/19,078-178-6420,090-2413-1695,ikuooosaki@nifty.jp,657-0035
ID614,中本 和茂,ナカモト カズシゲ,男,1979/11/28,025-206-1971,090-2299-4176,egisuzak956@fdt.ne.jp,956-0006
ID615,西岡 重文,ニシオカ シゲフミ,男,1991/10/14,099-589-3348,090-6730-4343,sigehumi_nisioka@goo.ne.jp,890-0069
ID616,岩崎 喜治,イワサキ ヨシハル,男,1993/8/24,0285-82-4751,090-5265-3252,yosiharuiwasaki@dti.ne.jp,321-4105
ID617,佐々木 三光,ササキ ミツテル,男,1985/7/20,0568-06-1100,090-1029-1985,sasaki85@hi-ho.ne.jp,484-0011
ID618,茂木 真志,モテキ マサシ,男,1989/6/18,0563-69-0536,090-1303-9199,isasam0618@sakura.ne.jp,444-0332
ID619,藤本 奈緒子,フジモト ナオコ,女,1975/1/19,0220-96-4183,090-3948-6517,huzimoto75@scuba-diver.jp,987-0383
ID620,島田 有子,シマダ ユウコ,女,1990/2/20,0136-61-9310,090-2821-0883,smdyuk@gmo-media.jp,048-0122
ID621,服部 宏侑,ハットリ ヒロユキ,男,1977/11/11,0126-64-1551,090-4123-8487,hiroyukihattori@so-net.ne.jp,072-0002
ID622,藤岡 境二,フジオカ キョウジ,男,1982/4/8,0795-56-4283,090-1535-4424,izuoyk82@example.org,669-3141
ID623,土田 由記彦,トダ ユキヒコ,男,1970/10/28,0172-35-1246,090-1307-6392,td1246sannet@sannet.ne.jp,038-1204
ID624,根岸 雅臣,ネギシ マサオミ,男,1985/3/11,0770-18-4891,070-0002-5234,ngs1057@sunfield.ne.jp,9170004
ID625,河野 幸博,コウノ ユキヒロ,男,1973/3/6,0742-55-5172,,kouno@mxi.asp.home.ne.jp,631-0006
ID626,平川 久志,ヒラカワ ヒサシ,男,1980/2/26,072-817-1734,090-5897-7132,hrkw2007@example.com,590-0402
ID627,田口 泰秀,タグチ ヤスヒデ,男,1994/3/13,052-694-2430,,yshd0313@hi-ho.ne.jp,463-0084
ID628,堤 歩,ツツミ アユミ,女,1989/9/20,0172-28-1816,090-9833-2616,imutut0920@example.ad.jp,036-1314
ID629,北野 千治,キタノ センジ,男,1974/1/3,03-3967-0089,070-2879-2259,ntk197419920325@sannet.ne.jp,131-0042
ID630,岡部 厚史,オカベ アツシ,男,1981/1/16,03-3318-9431,090-3179-0546,atusi31561113@goo.ne.jp,112-0012
ID631,平野 ハルノ,ヒラノ ハルノ,女,1987/7/26,042-989-2567,090-8453-4436,hrn-hrn@infoseek.jp,195-0072
ID632,谷川 慎治,ヤガワ シンジ,男,1991/10/23,025-428-1065,090-9877-1058,sinzi_yagawa@asp.home.ne.jp,946-0002
ID633,大塚 真理,オオツカ マリ,女,1985/9/30,07617-2-8842,,ootukamari@rakuten.co.jp,922-0028
ID634,大島 洋助,オオシマ ヨウスケ,男,1993/6/5,042-468-3651,070-9548-0462,,196-0015
ID635,吉原 正進,ヨシハラ マサノブ,男,1970/8/14,06-6325-8369,090-8742-7752,yshr-msnb@nifty.com,551-0001
ID636,藤井 菊治,フジイ キクハル,男,1989/2/22,055-485-2054,090-2979-1736,kkhr0222@users.gr.jp,410-0017
ID637,出口 由文,デグチ ヨシフミ,男,1993/11/19,0480-10-8202,,yosihumi_deguti@example.net,346-0036
ID638,辻 正輝,ツジ マサキ,男,1971/2/15,045-466-5096,090-5968-7963,masaki-tuzi@ocn.ne.jp,236-0051
ID639,山下 とみ子,ヤマシタ トミコ,女,1971/3/28,0893-27-6758,090-0003-5861,ymst-tmk@fdt.ne.jp,795-0021
ID640,堀江 美伸,ホリエ ミノブ,男,1972/9/5,075-618-6841,090-9279-2677,minobuhorie@combzmail.jp,615-0852
ID641,増田 澄,マスダ スミ,女,1983/1/4,03-3307-7632,090-6651-7623,imus1983@livedoor.com,111-0023
ID642,溝口 隆哉,ミゾクチ タカヤ,男,1994/2/16,03-3747-8438,090-9332-6026,itukozim169@mail.goo.ne.jp,169-0073
ID643,塚本 敬生,ツカモト ユキオ,男,1991/7/28,0569-31-0828,,,475-0878
ID644,篠崎 今朝雄,シノサキ ケサオ,男,1992/11/29,03-3726-5876,090-9926-2918,kesao92hi@hi-ho.ne.jp,110-0016
ID645,細川 里江子,ホソカワ リエコ,女,1990/9/5,0987-89-6493,090-8868-0792,riekorieko@sannet.ne.jp,889-3213
ID646,金城 勇美,カネギ イサミ,女,1978/1/17,0263-64-4469,070-5536-6262,kanegi1978@example.gr.jp,390-0873
ID647,今野 信人,コンノ ノブト,男,1971/6/12,0778-64-9477,090-8554-9599,konno-nobuto@goo.ne.jp,916-0301
ID648,堀口 雅則,ホリグチ マサノリ,男,1994/8/29,0426-79-5679,090-8503-2507,msnr@mesh.ne.jp,192-0032
ID649,宮川 宗市,ミヤカワ ソウイチ,男,1974/4/5,0568-96-0257,070-2211-1432,itiuossouiti@asp.home.ne.jp,486-0917
ID650,小田 直武,オダ ナオタケ,男,1994/2/15,089-412-2346,090-6672-1729,naotake_oda@hotmail.com,799-2648
ID651,川上 宜昭,カワカミ ヨシアキ,男,1978/1/5,022-815-2441,090-8715-7237,imakawak0105@anet.ne.jp,981-3605
ID652,長島 勝司,ナガシマ カツシ,男,1985/2/23,058-740-5593,090-9359-2623,nagasima1985@nifty.jp,501-2551
ID653,三輪 準一郎,ミワ ジュンイチロウ,男,1970/9/11,076-997-5742,090-6002-9877,miwa930@example.com,930-0024
ID654,金子 英充,カネコ ヒデミツ,男,1979/8/14,076-048-7134,090-3311-1602,hidemitu0814@mxi.asp.home.ne.jp,920-1135
ID655,片岡 武士,カタオカ タケシ,男,1972/1/24,0299-45-0368,090-9205-2484,ktok-tks@geocities.com,311-2207
ID656,比嘉 則之,ヒヨシ ノリユキ,男,1973/5/23,0480-71-8206,090-6265-2085,hys.nryk@asp.home.ne.jp,340-0146
ID657,小谷 右京,コタニ ウキョウ,男,1978/1/9,018-782-9437,090-7002-9119,inatok@plala.or.jp,010-0822
ID658,黒木 恒宏,クロキ ツネヒロ,男,1987/9/12,04996-3-5060,090-0521-7499,tunehiro_kuroki@example.org,100-1401
ID659,丸山 美海,マルヤマ ヨシミ,女,1987/11/28,086-378-1226,090-8238-1630,yosimi@dti.ad.jp,712-8036
ID660,金井 金義,カナイ カネヨシ,男,1991/12/26,082-648-4643,090-3303-9132,kanai_kaneyosi@plala.or.jp,729-2405
ID661,土井 信春,ツチイ ノブハル,男,1988/6/8,050-9004-4266,070-6472-7006,,049-4335
ID662,林 一城,ハヤシ カズキ,男,1990/8/17,0426-61-6859,090-3663-7839,kazuki90@iij.ad.jp,1930814
ID663,川口 三保子,カワグチ ミホコ,女,1972/12/10,0248-85-0305,,okohim962@example.ac.jp,9620007
ID664,多田 哲子,タダ テツコ,女,1976/1/18,0550-97-0034,090-7698-9559,adat4120031@t-com.ne.jp,412-0031
ID665,小倉 忠之,オグラ タダユキ,男,1987/12/31,028-340-9082,070-6402-0431,ogura-tadayuki@example.net,321-2114
ID666,大橋 征二郎,オオハシ セイジロウ,男,1989/7/7,0538-84-2867,090-1470-2799,isahoo@so-net.ne.jp,438-0113
ID667,原 洵子,ハラ ジュンコ,女,1985/3/16,079-091-5244,090-9057-0827,junko0316@tiki.ne.jp,675-0122
ID668,吉沢 佐千雄,ヨシザワ サチオ,男,1993/12/7,050-1927-0571,070-4554-8886,satio699@example.jp,699-0104
ID669,竹村 一樹,タケムラ ヒトキ,男,1983/9/17,03-3239-9962,090-0696-7605,hitoki.takemura@example.ac.jp,133-0052
ID670,佐久間 孝次,サクマ コウジ,男,1986/11/8,0739-59-4929,090-6950-7873,kouzi@t-com.ne.jp,646-0059
ID671,植田 真紀,ウエタ マキ,女,1982/11/19,053-360-6409,090-7730-1981,ateu4350025@plala.or.jp,435-0025
ID672,沼田 清一,ヌマタ キヨカズ,男,1988/3/4,047-259-6898,070-0364-2652,nmt-kykz@combzmail.jp,270-1406
ID673,村井 沢子,ムライ サワコ,女,1974/12/25,03-3367-3061,090-1437-3412,sawako2005@asp.home.ne.jp,120-0038
ID674,尾崎 奈緒実,オザキ ナオミ,女,1993/8/9,03-3257-3881,090-1177-4931,nomozknomozk@sunfield.ne.jp,173-0011
ID675,金沢 茂平,カナザワ モヘイ,男,1986/8/29,0739-92-4716,090-6062-3838,iehom4716@dti.ne.jp,646-0101
ID676,神谷 智治,シンタニ トモハル,男,1984/9/12,0987-72-3597,090-4052-0872,urahomot0912@example.com,889-3213
ID677,平井 準一郎,ヒライ ジュンイチロウ,男,1994/8/11,075-654-0417,090-3301-6627,iarih94@coara.or.jp,605-0994
ID678,加藤 光範,カトウ ミツノリ,男,1987/6/16,0258-68-5551,090-3449-7104,,940-0216
ID679,原口 伴助,ハラグチ ハンスケ,男,1994/6/19,0182-71-8317,070-0364-3691,hansuke94@hi-ho.ne.jp,019-0705
ID680,山根 和茂,ヤマネ カズシゲ,男,1993/5/11,0595-85-0693,,enamay@coara.or.jp,518-0748
ID681,竹内 準司,タケウチ ジュンジ,男,1994/2/18,0144-10-5109,090-9576-8476,junzi0530802@sannet.ne.jp,053-0802
ID682,木下 宏侑,キシタ ヒロユキ,男,1980/8/2,0565-34-3202,090-3878-0626,hryk-kst@example.ac.jp,444-3261
ID683,小野寺 秀司,オノデラ シュウジ,男,1988/4/16,03-3607-1763,090-1812-1823,syuuzi228@nifty.com,168-0072
ID684,川島 恵理,カワシマ エリ,女,1986/7/8,086-027-5755,070-0570-9349,kawasimaeri@dion.ne.jp,710-0142
ID685,二宮 智子,ニノミヤ トモコ,女,1984/10/2,0198-48-1455,090-8580-3383,okomot84@asp.home.ne.jp,028-3202
ID686,村瀬 千代枝,ムラセ チヨエ,女,1993/4/27,0866-24-4458,090-2752-8313,tyemrssunfield@sunfield.ne.jp,716-0062
ID687,吉沢 勝弘,ヨシザワ カツヒロ,男,1972/6/26,075-072-4466,070-8259-4977,orihutak0626@tokyo24.com,603-8008
ID688,平野 光善,ヒラノ ミツヨシ,男,1972/6/29,042-826-6086,070-7532-9665,hirano196@sakura.ne.jp,196-0034
ID689,伊藤 哲子,イトウ テツコ,女,1977/5/29,0792-60-4957,090-2503-6701,ktt7777ttk@infoseek.co.jp,670-0954
ID690,長谷川 忠助,ハセガワ タダスケ,男,1983/8/3,0791-27-8000,070-5486-8870,hasegawa83@gmail.com,679-4133
ID691,田畑 吉治,タバタ キチジ,男,1988/3/28,03-3090-1944,090-2686-1955,kitizi-tabata@coara.or.jp,135-0051
ID692,北原 志奈,キタハラ シナ,女,1993/7/23,0868-03-4163,090-9635-7940,,709-4253
ID693,西尾 敏美,ニシオ トシミ,女,1991/12/21,025-091-4945,,oisin4945@dti.ad.jp,943-0415
ID694,大橋 権一,オオハシ ケンイチ,男,1978/1/26,0765-84-2479,090-5569-1028,keniti@aitai.ne.jp,938-0164
ID695,松下 洵子,マツシタ ジュンコ,女,1970/1/21,01537-2-2159,090-2094-0331,knj0121@example.jp,086-1073
ID696,村山 栄之介,ムラヤマ エイノスケ,男,1994/10/16,059-755-9894,090-2968-5040,einosukemurayama@plala.or.jp,510-0056
ID697,萩原 宏弥,ハギワラ ヒロヤ,男,1976/8/18,086-542-0556,090-6662-3996,hry0556@aitai.ne.jp,705-0033
ID698,横田 陽一郎,ヨコタ ヨウイチロウ,男,1982/4/4,075-078-4169,070-8589-5481,ykt-yutru@comeon.to,616-8355
ID699,山崎 友幸,ヤマサキ トモユキ,男,1970/5/8,0966-12-8441,090-7651-8879,ymsktmyk@so-net.ne.jp,869-5441
ID700,金井 彩,カナイ アヤ,女,1981/6/22,029-544-6215,090-8408-8264,ianak81@example.jp,310-0816
ID701,宮崎 伸樹,ミヤザキ シンキ,男,1994/11/26,0186-37-0805,090-0202-6577,miyazaki383@mxi.asp.home.ne.jp,018-3454
ID702,菊池 佳久,キクチ ヨシヒサ,男,1991/11/7,025-965-9933,,yosihisa@livedoor.com,951-8044
ID703,山崎 公紀,ヤマサキ キミノリ,男,1988/1/12,0725-33-6064,090-0866-3642,,595-0055
ID704,石黒 多紀子,イシクロ タキコ,女,1989/6/26,0162-12-1365,,okikat1989@goo.ne.jp,098-4121
ID705,土屋 有三,ツチヤ ユウゾウ,男,1977/2/11,0598-34-3919,090-3855-1639,ayitut0211@plala.or.jp,515-0207
ID706,田辺 三平,タナベ サンペイ,男,1974/11/11,053-882-2892,090-3993-0382,sanpei@geocities.com,431-0102
ID707,松下 恵八郎,マツシタ エイハチロウ,男,1992/1/14,025-815-4672,090-5612-0564,ehtru411714@example.net,949-7133
ID708,横田 一人,ヨコタ カズト,男,1983/1/25,0175-33-3069,090-4448-1748,yokota0392613@example.gr.jp,039-2613
ID709,清水 波子,シミズ ナミコ,女,1972/4/12,042-847-0217,090-6510-6453,okimannamiko@dti.ne.jp,195-0063
ID710,多田 俊康,タダ トシヤス,男,1989/12/18,0855-19-6314,090-5061-4384,syst315cuib@cuib.or.jp,696-0314
ID711,土井 信,ツチイ シン,女,1991/5/12,0240-12-1350,090-8400-9205,sn0512@excite.co.jp,979-1501
ID712,星 直幸,ホシ ナオユキ,男,1986/8/8,042-246-9811,090-2678-3307,isoh206@freeml.co.jp,206-0021
ID713,小沢 周,オザワ シュウキチ,男,1990/3/3,0794-01-9991,070-7898-8530,awazo2002@livedoor.com,673-0421
ID714,古川 晴仁,フルカワ ハルヒト,男,1979/3/15,0964-99-2328,090-9967-6859,haruhito79@example.ne.jp,861-4732
ID715,渡部 聖弘,ワタナベ キヨヒロ,男,1991/2/18,073-662-7079,090-7334-8955,orihoyik6410031@infoseek.jp,641-0031
ID716,小林 泰央,コバヤシ ヤスオ,男,1972/7/5,06-6444-9934,090-8210-9569,ousay9934@livedoor.com,5430011
ID717,三宅 登喜雄,ミヤケ トキオ,男,1976/11/18,0972-11-6380,090-6952-8319,ekayim1976@infoweb.ne.jp,876-0112
ID718,福島 貢太郎,フクシマ コウタロウ,男,1990/11/28,072-363-2553,090-0106-4150,kutru@infoweb.ne.jp,571-0075
ID719,泉 幾江,イズミ イソエ,女,1983/4/30,025-375-4991,,isoe4991@users.gr.jp,950-3323
ID720,古谷 紀世実,フルタニ キヨミ,女,1970/11/14,06-6244-2979,090-2538-4548,kiyomi-hurutani@nifty.jp,564-0003
ID721,本間 信広,ホンマ ノブヒロ,男,1987/12/5,01466-7-5871,080-1285-1983,amnoh5871@tiki.ne.jp,058-0341
ID722,細川 裕紀,ホソカワ ヒロキ,男,1981/8/5,0493-69-3783,090-4218-4377,hiroki81@example.ad.jp,355-0305
ID723,富田 眞美,トミタ マサミ,女,1985/5/11,0426-17-3237,090-4957-2706,tomitamasami@coara.or.jp,192-0066
ID724,浅井 是則,アサイ ヨシノリ,男,1983/11/30,03-3515-6252,,asai522@scuba-diver.jp,162-0814
ID725,坂田 理江,サカタ リエ,女,1971/1/5,0824-26-3938,090-1198-5159,rie@hotmail.com,7280121
ID726,浜崎 康司,ハマサキ ヤスシ,男,1980/9/30,03-3450-3237,090-9108-5818,ksmh1730002@freeml.co.jp,173-0002
ID727,出口 信也,デグチ ノブヤ,男,1986/7/8,0564-21-9732,090-2726-5328,nobuya9350@scuba-diver.jp,444-3168
ID728,竹本 玲,タケモト レイ,女,1986/12/6,0968-08-7227,090-9231-5783,rei998507@nifty.jp,869-0213
ID729,秋元 征二郎,アキモト セイジロウ,男,1976/4/29,075-331-9496,090-4799-3001,akmtsizru@coara.or.jp,607-8222
ID730,堀江 敬吉,ホリエ ケイキチ,男,1988/1/26,08873-0-3037,090-6552-2284,horie-keikiti@so-net.ne.jp,784-0024
ID731,小野寺 憲広,オノデラ ノリヒロ,男,1974/11/18,0235-51-5771,090-2831-0888,ondr_nrhr@sannet.ne.jp,997-0108
ID732,園田 有子,ソノダ ユウコ,女,1970/3/17,03-3086-6721,090-8742-0182,,201-0012
ID733,成田 純典,ナリタ スミノリ,男,1987/12/25,0428-77-4843,090-9691-2857,narita_suminori@tokyo24.com,198-0172
ID734,大島 三光,オオシマ ミツテル,男,1993/12/27,0167-97-3976,090-2903-3981,,071-0505
ID735,江口 朋美,エグチ トモミ,女,1982/7/29,03-3941-2030,090-5093-9082,tmm198219750526@odn.ne.jp,120-0024
ID736,村上 訓,ムラカミ サトシ,男,1974/6/5,0980-56-6334,070-0710-8113,satosi_murakami@iij.ad.jp,905-1411
ID737,村松 杏子,ムラマツ キョウコ,女,1973/11/22,0172-00-3112,090-3321-2237,kyuk-mrmt@cuib.or.jp,036-0202
ID738,笠原 兵吉,カサハラ ヒョウキチ,男,1989/12/1,01564-6-9594,090-2364-7966,hyoukitikasahara@t-com.ne.jp,080-1262
ID739,大谷 鎮雄,オオタニ シズオ,男,1992/4/14,0270-75-3726,090-2299-9075,szo.otn@nifty.com,3792234
ID740,荒井 知明,アライ トモアキ,男,1974/10/26,0153-85-6703,090-5002-1048,ikaomot74@example.org,088-1364
ID741,菅野 康三,スガノ コウゾウ,男,1989/9/3,0835-75-8053,090-5198-0153,sgn0903@example.co.jp,747-1111
ID742,村井 理絵,ムライ リエ,女,1984/8/25,024-040-1032,,mri.remri.re@goo.ne.jp,963-1244
ID743,黒沢 久志,クロサワ ヒサシ,男,1982/8/9,0594-83-3228,090-6040-4025,wsrk3228@example.co.jp,511-0502
ID744,白井 敬史,シライ タカシ,男,1973/2/3,044-206-7800,070-9211-4742,sirai7800@infoseek.jp,210-0816
ID745,松尾 真由美,マツオ マユミ,女,1970/10/7,03-3075-9289,090-1692-8643,outam7131@excite.com,152-0032
ID746,本間 彦好,ホンマ ヒコヨシ,男,1988/7/1,086-005-9423,,mnhhnm@example.org,709-0516
ID747,中尾 豊秋,ナカオ トヨアキ,男,1990/1/11,042-414-6829,090-8606-7877,kayt1990@gmo-media.jp,206-0042
ID748,長岡 博男,ナガオカ ヒロオ,男,1979/9/21,0721-79-9607,090-6583-5558,hiroo79@freeml.co.jp,585-0001
ID749,西川 里江子,ニシカワ リエコ,女,1971/7/4,03-3472-0748,090-3956-3280,rieko.nisikawa@aitai.ne.jp,165-0033
ID750,伊東 玲,イトウ レイ,女,1984/10/10,0242-22-6813,,uoti1010@freeml.co.jp,969-3121
ID751,長谷川 ハルノ,ハセガワ ハルノ,女,1987/3/25,0238-77-8431,090-5960-5320,haruno@example.org,993-0014
ID752,相沢 恵八郎,アイザワ エイハチロウ,男,1981/7/19,0173-83-4650,090-6592-6730,eihatirouaizawa@web.ad.jp,038-3512
ID753,杉田 忠和,スギタ タダカズ,男,1991/11/21,03-3223-5562,090-9587-3509,,1440041
ID754,山口 功児,ヤマグチ コウジ,男,1978/9/13,0273-75-5396,090-6408-8130,yamaguti.kouzi@gmail.com,370-0802
ID755,菊地 広明,キクチ ヒロアキ,男,1975/12/16,0178-04-9272,070-1494-7657,hiroakikikuti@mxi.asp.home.ne.jp,039-2146
ID756,森山 美則,モリヤマ ヨシノリ,男,1971/7/7,0772-00-8577,070-8367-3035,mrym71@hotmail.com,629-3415
ID757,榊原 三佐男,サカキハラ ミサオ,男,1994/7/14,0426-37-7586,090-3756-6900,misao-sakakihara@cuib.or.jp,193-0942
ID758,田上 喜重,タガミ ヨシシゲ,男,1992/9/29,078-382-9838,070-1635-0284,,651-2332
ID759,飯島 麻里子,イイジマ マリコ,女,1992/11/23,0773-15-9097,090-1719-9185,iizima.mariko@ocn.ne.jp,620-1435
ID760,桑原 彰揮,クハバラ ショウキ,男,1989/12/13,0766-31-1823,090-6361-8672,,939-0151
ID761,藤本 久哉,フジモト ヒサヤ,男,1982/5/27,042-526-8186,,hzmt1982@combzmail.jp,190-0002
ID762,上村 義郎,カミムラ ヨシオ,男,1992/11/25,0564-54-7438,090-0233-3061,kamimura.yosio@hotmail.com,444-2117
ID763,二宮 勝夫,ニノミヤ マサオ,男,1991/8/2,048-092-9719,090-7436-8561,oasam344@hotmail.com,344-0037
ID764,下村 邦美,シタムラ クニミ,女,1974/9/22,0280-37-3650,090-3792-3038,sitamurakunimi@users.gr.jp,306-0233
ID765,宮城 菊子,ミヤギ キクコ,女,1987/2/9,0426-01-9922,070-0680-7971,,192-0001
ID766,鎌田 宗司,カマタ ムネシ,男,1973/4/30,0165-82-8858,090-1723-8437,atamakkamata@gmail.com,098-0113
ID767,長尾 永子,ナガオ ナガコ,女,1979/3/1,0745-98-8363,090-2858-1066,nagako-nagao@dti.ne.jp,633-2123
ID768,小坂 生三,コサカ イクゾウ,男,1973/8/30,0797-02-9833,,kosakaikuzou@ybb.ne.jp,659-0033
ID769,谷川 鋭充,ヤガワ トシミツ,男,1979/8/15,0765-05-6093,090-0971-5998,tosimitu9481409@sannet.ne.jp,937-0011
ID770,中西 勝英,ナカニシ カツヒデ,男,1988/6/28,0859-29-5380,070-9578-4327,nkns.kthd@example.ne.jp,689-5545
ID771,石黒 伴助,イシクロ ハンスケ,男,1989/10/12,078-377-2412,070-7105-1354,hnsk1989@asp.home.ne.jp,653-0878
ID772,谷川 十志夫,ヤガワ トシオ,男,1982/6/28,0986-92-8327,090-9906-0561,,885-0072
ID773,黒沢 真希,クロサワ マキ,女,1992/10/5,0742-61-3552,090-6919-6089,kurosawa-maki@ath.cx,631-0015
ID774,出口 真人,デグチ マコト,男,1992/7/14,06-6760-3864,090-2988-4934,deguti-makoto@dsn.ad.jp,540-0025
ID775,岡崎 弘春,オカザキ ヒロハル,男,1977/9/15,0772-70-1047,090-0432-8705,hiroharu1977@sannet.ne.jp,629-2513
ID776,泉 暉一郎,イズミ キイチロウ,男,1988/4/3,0889-72-7665,090-0492-6156,uoritiik88@example.ad.jp,781-1623
ID777,大崎 慶太郎,オオサキ ケイタロウ,男,1970/6/12,042-512-5039,070-6353-4736,,189-0024
ID778,松本 百里子,マツモト ユリコ,女,1973/1/28,089-757-4350,090-6702-2623,yrk73@odn.ne.jp,799-2423
ID779,大竹 雅宏,オオタケ マサヒロ,男,1990/10/6,0248-62-5269,090-7989-9272,mshr1006@nifty.com,962-0028
ID780,佐藤 裕実,サトウ ヒロミ,女,1979/10/22,0276-23-9313,090-0091-0483,imorih370@example.com,370-0413
ID781,篠崎 厚史,シノサキ アツシ,男,1985/7/24,0428-66-3273,090-9627-0179,atusi-sinosaki@freeml.co.jp,198-0223
ID782,松本 知美,マツモト トモミ,女,1988/2/21,0258-19-1464,090-9622-5219,tomomi9400105@excite.co.jp,940-0105
ID783,鶴田 要之助,ツルタ ヨウノスケ,男,1970/1/17,08512-7-8830,090-6309-6044,aturut2007@tokyo24.com,685-0303
ID784,上村 章子,ウエムラ ショウコ,女,1992/12/29,03-3895-7646,090-6802-0539,umr7646@infoweb.ne.jp,142-0062
ID785,畑中 伸次郎,ハタケナカ シンジロウ,男,1978/1/18,042-526-7259,090-4024-1290,uoriznis1978@excite.com,208-0012
ID786,中川 喜治,ナカガワ ヨシハル,男,1975/3/9,0257-15-5398,090-7012-5762,nakagawa5398@infoweb.ne.jp,949-8432
ID787,黒川 貞郎,クロカワ サダオ,男,1976/5/25,0776-50-1865,090-2576-4544,kurokawasadao@dti.ne.jp,913-0043
ID788,河村 奈緒美,コウムラ ナオミ,女,1984/10/6,093-154-7905,080-2986-2894,koumuranaomi@tokyo24.com,802-0973
ID789,稲垣 美波留,イナガキ ミハル,女,1988/10/5,072-269-1612,090-1909-6946,ingk5142@dion.ne.jp,569-1004
ID790,北村 ナツ子,キタムラ ナツコ,女,1972/10/15,092-285-1038,090-6049-1184,ntk8191128@odn.ne.jp,819-1128
ID791,今井 和帰子,イマイ ワキコ,女,1981/11/19,075-521-0262,090-4916-8680,imai-wakiko@hotmail.co.jp,605-0878
ID792,徳田 ハルノ,トクタ ハルノ,女,1994/4/27,092-176-2459,090-5409-1170,tkt94@yahoo.co.jp,811-2109
ID793,園田 絵里,ソノダ エリ,女,1975/11/9,0235-01-4247,070-3226-0697,snd75@livedoor.com,997-0057
ID794,嶋田 敏江,シマダ トシエ,女,1970/8/10,0940-41-1830,090-9164-4046,adamis1126@dti.ad.jp,811-3213
ID795,筒井 千代枝,ツツイ チヨエ,女,1992/3/6,0284-12-1109,090-5108-5093,tutui.tiyoe@dion.ne.jp,326-0102
ID796,比嘉 政広,ヒガ マサヒロ,男,1985/10/17,03-3824-0873,070-6213-9252,rhsm166@plala.or.jp,166-0012
ID797,片山 元久,カタヤマ モトヒサ,男,1978/1/8,0888-21-5044,090-5607-3146,ktym7214@example.co.jp,783-0021
ID798,松村 初,マツムラ ハジメ,男,1994/5/3,0238-93-4566,080-5661-8402,rmtm0503@ocn.ne.jp,992-0774
ID799,菅野 久作,カンノ キュウサク,男,1991/4/17,011-494-1465,070-6410-6192,kyuskknn@infoseek.jp,0060043
ID800,宮本 千絵子,ミヤモト チエコ,女,1971/2/23,0426-36-5148,090-5071-0267,miyamoto@nifty.jp,192-0021
ID801,大塚 友恵,オオツカ トモエ,女,1974/7/30,075-729-2381,090-9117-9288,ootuka.tomoe@odn.ne.jp,603-8008
ID802,内海 常一,ウチウミ ツネカズ,男,1983/10/6,092-442-6254,090-6342-4534,utiumitunekazu@nifty.jp,816-0076
ID803,関 道義,セキ ミチヨシ,男,1986/5/13,04-4321-0276,090-6970-3442,sk1986@ath.cx,295-0003
ID804,福本 恒宏,フクモト ツネヒロ,男,1985/11/17,093-293-3289,,hkmt85@mesh.ne.jp,800-0047
ID805,望月 信,モチヅキ シン,女,1971/2/14,0172-12-9692,090-6170-8809,nis0214@freeml.co.jp,036-0162
ID806,根岸 幸博,ネギシ ユキヒロ,男,1972/5/18,0551-43-2042,070-2414-9641,ykhr.ngs@example.co.jp,408-0016
ID807,新田 信弥,アラタ シンヤ,男,1978/8/16,077-631-4036,070-5916-0504,sny5250003@infoweb.ne.jp,525-0003
ID808,森下 辰己,モリシタ タツミ,男,1983/7/31,0297-32-6748,,ttmmrst@tiki.ne.jp,3002426
ID809,柴田 時代,シバタ トキヨ,女,1982/11/13,0974-64-9826,,atabis1982@livedoor.com,879-7108
ID810,石田 麻琴,イシダ マコト,女,1971/11/19,0561-28-7097,090-0513-6033,makoto-isida@plala.or.jp,470-0112
ID811,田代 拓夫,タシロ タクオ,男,1980/8/18,0531-01-1693,070-2376-1103,takuo0818@excite.co.jp,441-3414
ID812,小谷 奈緒実,コタニ ナオミ,女,1989/1/2,0553-21-4476,090-0977-5783,,409-1313
ID813,矢野 和好,ヤノ カズヨシ,男,1985/3/12,092-214-7806,090-8750-6551,,819-1146
ID814,江口 昭二,エグチ ショウジ,男,1990/12/16,0748-23-1956,090-2367-5643,eguti2007@excite.co.jp,528-0033
ID815,川野 豊司,カワノ トヨシ,男,1982/11/14,03-3961-4877,070-0371-5995,nwknwk@eaccess.net,144-0032
ID816,内田 希美,ウチダ ノゾミ,女,1981/7/24,092-613-9632,090-5946-1265,utida1981@example.ad.jp,8180068
ID817,川口 昭二,カワグチ ショウジ,男,1973/12/19,03-3456-7394,090-1709-1040,,1640011
ID818,川本 亮子,カワモト リョウコ,女,1970/7/20,0439-16-0504,090-1411-6864,kawamoto.ryouko@nifty.jp,299-1754
ID819,菅 友隆,スガ トモタカ,男,1980/1/26,03-3646-8518,090-4751-6025,akatomot0126@tiki.ne.jp,167-0021
ID820,菊池 亮子,キクチ リョウコ,女,1985/4/6,055-648-5250,090-4146-7521,kikuti@cuib.or.jp,410-0303
ID821,古賀 準司,コガ ジュンジ,男,1972/7/3,0273-63-3771,,jnzkg@mail.goo.ne.jp,370-0083
ID822,齋藤 大夢,サイトウ ヒロム,男,1976/9/1,072-028-5619,090-5407-0132,umorih1976@example.jp,572-0058
ID823,浜野 純隆,ハマノ スミタカ,男,1970/2/6,0738-83-7892,070-8823-4965,smtk6491535@asp.home.ne.jp,649-1535
ID824,池田 文之,イケダ フミユキ,男,1981/12/9,0770-06-6545,090-8488-9176,adeki81@livedoor.com,917-0061
ID825,土井 厚史,ドイ アツシ,男,1978/9/11,0778-63-5103,090-6279-9515,iod6133@example.ad.jp,916-0426
ID826,上田 孝彦,ウエダ タカヒコ,男,1984/11/15,0877-70-7574,090-5468-5212,tkhkud20050927@infoseek.co.jp,769-0201
ID827,窪田 俊憲,クボタ トシノリ,男,1990/3/10,0257-96-7992,090-6010-2458,kubota_tosinori@example.com,949-8124
ID828,村瀬 幾江,ムラセ イソエ,女,1992/7/30,042-006-6704,070-5249-6082,isemrs@infoseek.co.jp,190-0164
ID829,関 豊次,セキ トヨツグ,男,1973/9/3,075-626-5249,090-1865-4650,,600-8243
ID830,斎藤 昭子,サイトウ テルコ,女,1982/10/30,0152-67-5151,090-9994-8639,terukosaitou@ocn.ne.jp,093-0083
ID831,佐藤 孝成,サトウ タカシゲ,男,1985/3/13,0144-94-6400,090-1794-2433,uts239@sannet.ne.jp,053-0814
ID832,佐々木 公紀,ササキ キミノリ,男,1989/3/26,0776-85-2076,090-7646-4985,kss8920020905@dsn.ad.jp,919-0479
ID833,福岡 隆次,フクオカ リュウジ,男,1979/2/3,023-766-2328,,akoukuh19760825@sakura.ne.jp,990-2335
ID834,篠崎 雅近,シノサキ マサチカ,男,1982/9/21,0749-97-8598,090-0075-2777,masatika82@dti.ad.jp,522-0333
ID835,小柳 裕実,オヤナギ ヒロミ,女,1972/1/9,042-646-0423,090-2861-4087,hiromi.oyanagi@mxi.asp.home.ne.jp,229-1113
ID836,森山 定二,モリヤマ サダジ,男,1985/2/11,0776-68-8930,090-1923-8183,sadazi1985@nifty.com,910-3135
ID837,浜田 理恵,ハマダ リエ,女,1989/5/19,075-148-5442,,hmdre@dion.ne.jp,616-8106
ID838,竹本 俊彰,タケモト トシアキ,男,1975/11/24,0974-23-6917,090-8650-5996,tkmt1975@dti.ad.jp,879-7313
ID839,米田 純典,コメタ スミノリ,男,1970/3/9,0228-18-3604,090-9469-3506,kmtkmt@rakuten.co.jp,989-4584
ID840,川島 政年,カワシマ マサトシ,男,1993/12/31,0776-61-2350,,kwsm9188154@hotmail.co.jp,918-8154
ID841,下村 正征,シタムラ マサユキ,男,1974/3/28,0276-64-8971,,,373-0813
ID842,金沢 暉一郎,カナザワ キイチロウ,男,1978/1/25,0285-13-4460,090-3733-2460,uoritiik4460@dsn.ad.jp,321-3626
ID843,増田 純隆,マスダ スミタカ,男,1980/4/22,0143-88-5376,070-0929-1151,akatimus5376@ath.cx,059-0035
ID844,大久保 隆吉,オオクボ リュウキチ,男,1991/2/21,093032--8638,090-9792-3748,ryuukiti@example.ad.jp,824-0817
ID845,金城 拓夫,キンジョウ タクオ,男,1983/2/20,0426-18-1466,090-2802-8845,kinjou-takuo@example.org,192-0054
ID846,菅 知生,スガ トモオ,男,1976/10/12,03-3404-0718,090-1803-4074,oomot1976@infoweb.ne.jp,151-0061
ID847,高山 宣男,タカヤマ ノブオ,男,1971/6/28,0256-95-9704,090-9075-1728,tkym1971@comeon.to,959-1217
ID848,前田 繁美,マエタ シゲミ,女,1991/7/22,042-754-9818,090-0568-5987,,190-0151
ID849,藤田 貴浩,フジタ タカヒロ,男,1977/2/26,0765-01-1340,090-5675-6758,atizuh77@ocn.ne.jp,939-0625
ID850,内藤 知恵,ナイトウ トモエ,女,1988/9/21,0968-38-6986,090-2173-1569,nitu-tme@dti.ad.jp,861-0837
ID851,須藤 久作,ストウ キュウサク,男,1982/6/8,011-142-7753,090-5935-7151,sutou0608@example.gr.jp,007-0840
ID852,菊地 佳紀,キクチ ヨシキ,男,1991/12/31,0258-88-3407,090-1169-5387,ysk.kktysk.kkt@mail.goo.ne.jp,949-8726
ID853,稲葉 義勝,イナバ ヨシカツ,男,1991/8/1,0942-22-2140,090-1172-9426,tksy553211@asp.home.ne.jp,839-0811
ID854,前川 永基,マエカワ エイキ,男,1989/2/3,0770-19-5348,070-1332-7309,mekwekso@so-net.ne.jp,917-0223
ID855,白井 時司,シライ トキジ,男,1981/1/30,0829-83-0059,090-6858-4145,izikot0130@yahoo.co.jp,738-0281
ID856,神谷 裕康,カミタニ ヒロヤス,男,1972/7/20,0287-91-6632,070-7739-0150,usayorih0720@users.gr.jp,329-2725
ID857,近藤 雄一郎,コンドウ ユウイチロウ,男,1971/4/12,0978-80-6025,,uodnok6025@hotmail.com,879-0234
ID858,大塚 克,オオツカ マサル,男,1976/12/27,059658--1601,090-3912-6112,urasam2007@iij.ad.jp,519-0401
ID859,小島 仁三郎,コジマ ジンザブロウ,男,1990/5/15,042-250-3708,,kozima0515@yahoo.co.jp,190-0015
ID860,宮城 喜代信,ミヤギ キヨノブ,男,1993/12/16,0428-35-0281,090-4909-1054,miyagi.kiyonobu@excite.co.jp,198-0022
ID861,渋谷 秀志,シブタニ ヒデシ,男,1992/11/7,04-4627-9236,090-9585-0157,sibutani2005@dion.ne.jp,359-1124
ID862,奥村 哲昭,オクムラ テツアキ,男,1971/10/17,03-3093-7620,090-8650-7012,tetuakiokumura@example.gr.jp,151-0062
ID863,金城 琢司,カナキ タクジ,男,1972/9/5,03-3253-9511,090-4504-8316,,115-0051
ID864,奥山 千治,オクヤマ センジ,男,1978/4/20,03-3982-8573,090-3924-8065,amayuko1310041@hotmail.com,131-0041
ID865,野崎 和好,ノザキ カズヨシ,男,1977/2/4,042-892-7256,070-2940-4003,kazuyosinozaki@nifty.com,182-0015
ID866,金城 里江子,カネギ リエコ,女,1990/2/4,0796-19-9124,,,669-6344
ID867,樋口 則之,ヒグチ ノリユキ,男,1981/4/23,0832-20-9918,070-4931-1674,noriyukihiguti@yahoo.co.jp,750-0009
ID868,山村 葉子,ヤマムラ ヨウコ,女,1977/5/3,0794-18-3550,090-5837-4001,kuy1977@sakura.ne.jp,673-1114
ID869,志村 光次,シムラ ミツジ,男,1979/3/12,050-6785-9591,090-5220-8159,mituzi.simura@dti.ad.jp,367-0055
ID870,藤野 琢司,フジノ タクジ,男,1986/1/26,05979-3-7102,090-2532-2049,hzn928815@plala.or.jp,519-5324
ID871,長田 陽一郎,オサダ ヨウイチロウ,男,1989/12/12,0183-72-8109,080-9102-2773,urtuy991@mesh.ne.jp,012-0036
ID872,近藤 文吾,コンドウ ブンゴ,男,1987/7/31,0287-93-3316,080-4945-4011,bng1987example@example.net,321-0531
ID873,佐久間 有子,サクマ ユウコ,女,1983/2/25,042-016-1366,090-7136-7539,sakuma1983@sunfield.ne.jp,190-0003
ID874,藤井 裕実,フジイ ヒロミ,女,1975/6/9,0248-48-1619,070-6272-4506,huzii1619@anet.ne.jp,961-0085
ID875,五十嵐 章一,イカラシ ショウイチ,男,1985/12/31,042-857-6786,070-9302-9055,syouiti_ikarasi@dti.ad.jp,208-0003
ID876,荻野 直志,オギノ タダシ,男,1973/6/5,0172-34-0273,090-5446-9704,ogino@geocities.com,036-8201
ID877,日野 譲介,ヒノ ジョウスケ,男,1991/2/9,0985-21-8605,090-2411-3014,,880-0025
ID878,大田 健也,オオタ ケンヤ,男,1992/9/15,0866-40-7581,090-8728-9108,aynek92@example.ne.jp,716-0065
ID879,佐野 奈緒子,サノ ナオコ,女,1981/3/19,043-522-6351,090-0790-4020,naoko8118okoan@bbtec.net,263-0012
ID880,倉田 雅近,クラタ マサチカ,男,1970/1/23,03-3619-0369,070-3080-4038,masatika70@example.co.jp,152-0013
ID881,杉浦 喜治,スギウラ ヨシハル,男,1984/3/14,075-842-6688,090-9850-8611,sugiura6688@nifty.jp,602-0092
ID882,米田 稔郎,ヨネタ トシロウ,男,1973/5/10,058-020-8771,090-5222-7244,yoneta863305@infoweb.ne.jp,501-2508
ID883,岩崎 重三郎,イワサキ シゲザブロウ,男,1974/3/31,0966-22-4255,070-6087-9827,ikasawi8695441@web.ad.jp,869-5441
ID884,窪田 庸司,クボタ ヨウジ,男,1990/8/28,0224-38-0175,070-8620-3316,youzi-kubota@example.ac.jp,989-0552
ID885,小田 秀次郎,オダ ヒデジロウ,男,1984/4/29,050-7786-3905,,oda0429oda0429@eaccess.net,277-0014
ID886,服部 永子,ハットリ ナガコ,女,1982/8/23,0832-38-2222,090-6330-4596,,751-0814
ID887,木下 梨恵子,キシタ リエコ,女,1977/8/11,0745-27-3384,090-6863-8503,kisitarieko@anet.ne.jp,639-0201
ID888,森山 亜衣,モリヤマ アイ,女,1991/10/7,0823-88-5195,090-9193-2277,a2004gmail@gmail.com,737-0818
ID889,下村 由治,シタムラ ヨシハル,男,1984/1/13,0595-55-5203,090-5050-2799,,518-0627
ID890,小池 彩,コイケ アヤ,女,1992/4/14,0532-55-0481,090-9818-4610,ay0481ay0481@example.net,441-8001
ID891,菅野 世弥,カンノ セイヤ,男,1974/3/30,047-403-7021,090-7413-9773,ayies@web.ad.jp,270-2212
ID892,古谷 興亜,コタニ キョウア,男,1983/3/14,024-167-4198,090-6438-8731,inatok0314@ocn.ne.jp,960-0401
ID893,片山 弘春,カタヤマ ヒロハル,男,1988/8/17,03-3106-6171,090-8318-8577,katayamahiroharu@mxi.asp.home.ne.jp,176-0011
ID894,平井 一人,ヒライ カズト,男,1975/10/20,0136-76-1051,090-9379-3294,hirai@example.ad.jp,048-1721
ID895,山下 勇,ヤマシタ ユウ,女,1973/7/21,099-655-9066,090-0027-1956,yuu73@combzmail.jp,891-1104
ID896,樋口 浩史,ヒグチ ヒロシ,男,1977/5/21,0575-93-7079,,hirosi-higuti@ybb.ne.jp,501-4602
ID897,坂井 永基,サカイ エイキ,男,1993/1/26,0157-34-2847,090-0137-2418,eiki-sakai@tiki.ne.jp,0991122
ID898,神谷 寿彦,カミタニ トシヒコ,男,1985/12/25,0258-10-4350,090-4865-7094,,940-2031
ID899,三木 宣男,サンギ ノブオ,男,1980/9/28,0256-81-5001,090-4574-1530,sangi0928@eaccess.net,959-0248
ID900,坂口 悠里,サカグチ ユリ,女,1986/11/9,029-601-9581,090-4559-4826,sakaguti.yuri@scuba-diver.jp,311-0106
ID901,岡野 宏幸,オカノ ヒロユキ,男,1989/2/12,048-015-5583,070-1442-6087,ikuyorih5583@aitai.ne.jp,348-0014
ID902,安藤 恵志,アンドウ ケイシ,男,1985/7/1,042-902-8201,090-6342-5386,,182-0033
ID903,古田 愛,コダ アイ,女,1987/11/21,0172-39-1211,090-4480-7861,aikoda@rakuten.co.jp,036-0362
ID904,林田 武久,ハヤシダ タケヒサ,男,1989/6/2,03-3846-8623,070-1287-7110,shkt89shkt89@ocn.ne.jp,121-0056
ID905,金城 由水,カネギ ユミ,女,1983/12/6,029-490-1087,080-5294-2430,imuy@infoweb.ne.jp,311-4154
ID906,金城 季雄,カネギ スエオ,男,1983/3/27,0531-57-0239,090-2018-8246,es2004tiki@tiki.ne.jp,441-3605
ID907,大平 嘉邦,オオヒラ ヨシクニ,男,1985/12/21,011-789-4619,090-6623-4220,yosikuni@geocities.com,005-0843
ID908,山岡 一馬,ヤマオカ カズマ,男,1990/1/14,086-831-6637,090-9552-4562,kzm19930307@asp.home.ne.jp,704-8123
ID909,松田 梨絵,マツダ リエ,女,1985/10/15,03-3950-0049,,er@tiki.ne.jp,120-0037
ID910,金田 信広,カナダ ノブヒロ,男,1976/1/6,076-144-9770,090-6781-7556,kanada76@example.or.jp,920-0165
ID911,河野 麻琴,コウノ マコト,女,1981/11/10,042-297-6225,070-1524-1750,kun@yahoo.co.jp,203-0041
ID912,滝沢 信平,タキサワ シンペイ,男,1974/4/28,0832-25-9148,,,750-0325
ID913,志村 郁穂,シムラ イクオ,男,1981/10/31,0187-97-2014,070-0417-3795,smr1981@sannet.ne.jp,014-0353
ID914,飯島 雅,イイジマ ミヤビ,女,1985/3/26,0494-63-2661,090-6491-6443,iizima.miyabi@anet.ne.jp,369-1303
ID915,根岸 知子,ネギシ トモコ,女,1980/10/29,0287-45-1610,090-2221-2634,,329-3155
ID916,野中 佐千雄,ノナカ サチオ,男,1974/4/3,03-3339-9868,070-4014-8778,oitas1974@asp.home.ne.jp,146-0082
ID917,岡部 喜重,オカベ ヨシシゲ,男,1983/3/26,0167-40-9164,090-8179-6139,yosisige0710551@hotmail.com,071-0551
ID918,石黒 麗奈,イシクロ レナ,女,1978/3/30,0565-00-2759,090-2727-6223,,444-2223
ID919,小笠原 迪子,オガサハラ ミチコ,女,1984/10/21,0742-98-9987,080-0228-9674,,630-1126
ID920,三木 郁穂,ミキ イクオ,男,1985/11/14,03-3727-6452,090-2151-1942,miki-ikuo@so-net.ne.jp,101-0037
ID921,中西 愛,ナカニシ アイ,女,1994/11/17,01564-9-8968,070-8156-5460,nakanisi2007@example.com,080-1247
ID922,大城 真知子,オオキ マチコ,女,1985/7/31,0565-00-9596,090-7806-2953,ko@example.jp,471-0851
ID923,星 聖弘,ホシ キヨヒロ,男,1986/6/28,050-8673-0451,090-6689-4448,kiyohiro-hosi@livedoor.com,950-1343
ID924,田辺 力弥,タナベ リキヤ,男,1989/1/26,0566-29-8331,070-8080-9256,tnb0126@plala.or.jp,4480853
ID925,千田 章子,センダ ショウコ,女,1980/1/29,03-3631-8360,090-3438-7608,dnsexample@example.gr.jp,121-0071
ID926,青山 とく子,アオヤマ トクコ,女,1988/5/2,086-537-3851,090-8959-4756,amayoa88@sakura.ne.jp,701-1343
ID927,片桐 裕行,カタギリ ユウコウ,男,1981/8/3,06-6482-8858,090-0022-3483,yuku.ktgr@combzmail.jp,551-0001
ID928,岩井 敬史,イワイ タカシ,男,1988/3/8,03-3500-4419,090-9845-7639,iawi0308@example.ac.jp,156-0053
ID929,渡辺 秋美,ワタナベ アキミ,女,1981/12/15,01562-9-2343,090-5670-3709,akm2002@ocn.ne.jp,089-4345
ID930,山中 幸美,ヤマナカ サチミ,女,1988/10/12,029-423-3768,070-2273-6637,ymnk.stm@sannet.ne.jp,310-0853
ID931,角田 孝敏,スミタ タカトシ,男,1977/8/19,092-524-4019,090-2351-7297,takatosi-sumita@tiki.ne.jp,811-0114
ID932,富田 弘義,トミタ ヒロヨシ,男,1976/12/9,01584-7-1375,090-1175-6667,hiroyosi.tomita@excite.co.jp,099-0423
ID933,米田 則昭,コメタ ノリアキ,男,1973/6/6,0826-06-6291,070-0855-1447,noriaki11411105@iij.ad.jp,731-2315
ID934,石崎 源三郎,イシザキ ゲンザブロウ,男,1978/4/8,0296-63-8837,090-5980-5670,isizaki-genzaburou@web.ad.jp,308-0061
ID935,小柳 悠里,コヤナギ ユリ,女,1979/10/9,03-3677-0071,090-4836-0106,iganayok@excite.co.jp,143-0004
ID936,西川 英博,サイカワ ヒデヒロ,男,1987/10/31,075-951-8787,090-1820-0003,orihedih87@mail.goo.ne.jp,612-8256
ID937,長田 大夢,オサダ ヒロム,男,1988/10/19,0246-32-5395,090-6447-5195,osada.hiromu@hotmail.com,9728321
ID938,嶋田 恵志,シマダ ケイシ,男,1984/5/8,072-949-3408,090-0173-1888,,581-0867
ID939,宮崎 智勝,ミヤザキ トモカツ,男,1992/3/7,0958-17-7499,070-1871-2407,tmkt9229tkmt@plala.or.jp,850-0977
ID940,日野 右京,ヒノ ウキョウ,男,1978/12/18,086-225-4205,070-5395-6413,hino_ukyou@bbtec.net,709-1204
ID941,奥村 俊次,オクムラ シュンジ,男,1970/10/4,0224-20-1188,090-5086-2812,arumuko1004@tiki.ne.jp,981-2127
ID942,西田 勇,ニシタ ユウ,女,1984/8/23,098-063-2212,070-9399-4724,,901-1206
ID943,秋山 昭二,アキヤマ ショウジ,男,1993/4/8,0749-70-9998,090-6641-7282,syouzi-akiyama@sunfield.ne.jp,526-0056
ID944,松原 久江,マツバラ ヒサエ,女,1973/4/25,0980-21-4283,090-0148-5957,rbtmmtbr@plala.or.jp,905-1423
ID945,鎌田 圭織,カマタ カオリ,女,1980/10/13,0299-01-2582,090-2988-3077,atamak@aitai.ne.jp,315-0005
ID946,安部 ひびき,アベ ヒビキ,男,1974/11/2,03-3567-5209,070-7825-5886,hbk@hotmail.com,102-0075
ID947,松下 成美,マツシタ ナリミ,女,1992/6/14,0187-58-9167,070-8244-8200,matusita-narimi@comeon.to,014-0013
ID948,長田 秀俊,ナガタ ヒデトシ,男,1981/9/4,0792-26-5810,090-0036-8597,tgn20022002ngt@example.ac.jp,670-0802
ID949,山村 勝行,ヤマムラ カツユキ,男,1990/11/5,0776-43-5999,070-3642-5353,,919-0303
ID950,川野 貞郎,カワノ サダオ,男,1980/2/29,0766-69-8258,090-1664-8030,nwk80@example.ad.jp,935-0333
ID951,小野寺 智子,オノデラ トモコ,女,1974/9/29,0854-20-4537,090-0909-4196,okomot1974@dti.ne.jp,699-1261
ID952,梶原 理江,カジハラ リエ,女,1972/8/19,042-412-5261,090-4570-3381,kazihara@t-com.ne.jp,182-0033
ID953,北川 尚子,キタカワ ナオコ,女,1978/5/13,052-330-9895,090-0176-0574,naoko9895@plala.or.jp,464-0044
ID954,大西 有紀子,オオニシ ユキコ,女,1982/9/5,0978-75-0610,090-6130-8164,yukiko-oonisi@hi-ho.ne.jp,872-0014
ID955,渋谷 希美江,シブタニ キミエ,女,1980/2/22,0557-12-6563,070-6982-2580,sbtn.kme@hi-ho.ne.jp,413-0024
ID956,高瀬 春実,タカセ ハルミ,女,1991/6/13,06-6495-9168,090-0780-9377,imurah91251011@example.net,537-0001
ID957,竹内 喜代信,タケウチ キヨノブ,男,1991/11/17,0979-72-8228,070-2048-7863,takeuti-kiyonobu@sunfield.ne.jp,871-0088
ID958,宮内 尭道,ミヤウチ タカミチ,男,1982/5/20,03-3322-0542,090-8981-6971,tuym1982@example.ac.jp,140-0005
ID959,小林 君吉,コバヤシ キミキチ,男,1980/5/21,053-911-7472,090-8674-6966,kmkt0521@sannet.ne.jp,433-8112
ID960,上村 美喜夫,カミムラ ミキオ,男,1989/3/13,049-040-9206,090-9115-8437,kamimura0313@gmail.com,354-0005
ID961,岸 岩美,キシ イワミ,女,1976/1/11,06-6180-1782,090-9938-1348,sk0111@plala.or.jp,560-0055
ID962,松永 義隆,マツナガ ヨシタカ,男,1985/12/2,049-488-3857,090-5071-0284,mtng-ystk@example.ac.jp,350-0833
ID963,松崎 宏機,マツサキ ヒロキ,男,1972/12/26,0279-33-9764,,hiroki05@odn.ne.jp,377-1522
ID964,柳田 信也,ヤナギタ ノブヤ,男,1975/2/10,098-566-2043,090-3725-7316,,904-0315
ID965,松山 雅臣,マツヤマ マサオミ,男,1982/11/30,0857-22-7761,,matuyama82@asp.home.ne.jp,680-0212
ID966,落合 宗市,オチアイ ソウイチ,男,1989/2/2,078-249-7512,090-7557-6511,tus89example@example.jp,654-0023
ID967,石井 芙美,イシイ フミ,女,1989/9/2,03-3600-7158,,isii-humi@example.org,133-0055
ID968,石橋 勝人,イシバシ カツト,男,1984/1/29,01548-3-3252,090-4268-8822,isbs-ktt@combzmail.jp,088-2321
ID969,千葉 裕子,チバ ユウコ,女,1986/1/3,0987-12-7085,090-1512-8523,yuuko_tiba@asp.home.ne.jp,889-2522
ID970,丹羽 尚平,ニワ ショウヘイ,男,1980/2/23,011-956-0508,090-5151-7557,syuhi-nw@scuba-diver.jp,061-1279
ID971,岸本 晃義,キシモト テルヨシ,男,1989/8/23,0586-18-8203,090-1989-3687,otomisik4910866@excite.co.jp,491-0866
ID972,中井 智,ナカイ トモ,女,1976/8/4,0493-46-2897,070-1842-4743,nakai.tomo@freeml.co.jp,355-0305
ID973,長野 益三,ナガノ マスゾウ,男,1982/7/11,0257-26-2737,090-1804-7972,masuzou_nagano@nifty.com,945-0012
ID974,上田 真希,ウエダ マキ,女,1973/2/27,0237-81-8317,090-8583-0838,makiueda@hi-ho.ne.jp,999-3738
ID975,湯浅 好行,ユアサ ヨシユキ,男,1990/5/13,011-458-2024,070-1468-7688,asauy@dion.ne.jp,003-0859
ID976,坂田 鉄次,サカタ テツジ,男,1990/5/12,0771-65-3332,090-0588-1241,ztt1990@dsn.ad.jp,6220002
ID977,須田 茜,スダ アカネ,女,1987/7/20,075-194-9889,070-9941-1185,sudaakane@livedoor.com,616-8106
ID978,手塚 有三,テヅカ ユウゾウ,男,1978/9/26,03-3045-8954,090-2029-6235,,135-0062
ID979,堀川 晴生,ホリカワ ハルオ,男,1988/11/11,042-285-5058,070-9571-6996,awakiroh@example.or.jp,197-0833
ID980,川野 喜男,コウノ ヨシオ,男,1980/2/1,0224-36-2485,090-6726-5823,ysokunnukosy@mail.goo.ne.jp,981-2124
ID981,中島 美緒,ナカシマ ミオ,女,1975/9/26,0889-48-5507,090-3128-7880,mskn@tokyo24.com,781-1623
ID982,石崎 周,イシザキ シュウキチ,男,1992/1/7,059-390-4931,090-2801-4173,isizakisyuukiti@plala.or.jp,514-2103
ID983,荒川 長生,アラカワ ナガオ,男,1993/1/27,093-558-8153,090-8122-0892,oagan8153@example.net,808-0121
ID984,神田 つばさ,コウダ ツバサ,男,1970/7/7,0240-80-3110,090-2543-9020,kouda-tubasa@mxi.asp.home.ne.jp,979-1401
ID985,松浦 俊憲,マツウラ トシノリ,男,1985/9/28,0166-30-7144,090-4962-9298,,078-8273
ID986,柳沢 明博,ヤナギサワ アキヒロ,男,1982/6/3,0152-19-2985,090-2445-5997,akihiro3621209@ath.cx,0994134
ID987,本田 留三,ホンダ リュウゾウ,男,1979/1/13,0267-15-2610,090-6347-8940,ryuuzou-honda@livedoor.com,389-0201
ID988,秋田 波子,アキタ ナミコ,女,1982/9/4,055-306-1235,070-1950-2496,,411-0815
ID989,杉田 幹也,スギタ ミキヤ,男,1974/12/30,075-910-4575,090-9665-7049,sgt.mkysgt.mky@tiki.ne.jp,612-8358
ID990,浅田 晶紀,アサダ アキ,女,1992/7/9,076-924-6413,,asada-aki@nifty.com,921-8033
ID991,筒井 勝許,ツツイ カツモト,男,1976/11/24,0172-77-0083,090-6149-8514,ktmttti@comeon.to,036-0101
ID992,松島 唯,マツシマ ユイ,女,1981/8/16,076-070-6018,090-9411-1993,yui9214@sannet.ne.jp,9303241
ID993,岩井 雅近,イワイ マサチカ,男,1971/8/12,0980-71-8610,090-7483-5103,,906-0105
ID994,北島 千治,キタジマ センジ,男,1977/7/3,029-057-1587,090-7916-4388,ktzm792@dti.ad.jp,305-0847
ID995,本間 弘義,ホンマ ヒロヨシ,男,1988/6/16,03-3715-7030,090-1517-9752,mnh2005@comeon.to,143-0013
ID996,梅田 朋,ウメタ トモ,女,1974/5/17,042-506-2266,090-4301-0498,tomo2266@mesh.ne.jp,190-0015
ID997,宮城 武久,ミヤギ タケヒサ,男,1993/5/20,075-819-6958,090-2568-2429,takehisa_miyagi@infoweb.ne.jp,606-8245
ID998,望月 伸二,モチヅキ シンジ,男,1987/2/13,0776-05-7271,070-0392-3762,,910-3113
ID999,古川 八洲子,フルカワ ヤスコ,女,1977/2/20,0968-48-4242,090-3466-3266,okusay1977@fdt.ne.jp,869-0201
